572	drama
177	comedy
177	drama
118	comedy
405	horror
28	comedy
28	drama
28	fantasy
271	horror
271	thriller
500	adventure
500	animation
500	comedy
124	documentary
124	history
389	biography
686	drama
562	history
683	documentary
214	drama
377	documentary
32	animation
32	drama
32	history
549	drama
470	comedy
601	drama
358	drama
358	mystery
34	action
34	animation
34	comedy
651	biography
651	comedy
651	drama
355	action
355	adventure
355	comedy
538	documentary
106	action
106	drama
509	sci-fi
290	comedy
638	thriller
710	crime
710	drama
465	drama
465	romance
443	adventure
443	animation
443	sci-fi
160	action
160	crime
160	drama
556	drama
556	horror
472	drama
472	mystery
472	thriller
483	adventure
483	comedy
483	romance
566	comedy
566	drama
656	adventure
656	animation
656	comedy
492	adventure
492	drama
492	romance
633	comedy
633	crime
633	drama
521	biography
479	horror
353	comedy
353	drama
608	adventure
608	comedy
608	drama
466	drama
466	sci-fi
466	thriller
395	action
439	comedy
439	drama
439	romance
393	crime
393	drama
393	mystery
644	documentary
64	documentary
242	action
242	adventure
242	sci-fi
195	action
195	crime
195	drama
104	comedy
104	drama
390	crime
390	drama
568	adventure
568	animation
568	comedy
15	crime
15	drama
15	thriller
636	drama
161	comedy
161	family
431	crime
431	drama
267	comedy
267	drama
267	romance
136	drama
375	adventure
375	animation
375	comedy
211	adventure
338	action
338	adventure
338	sci-fi
455	drama
6	drama
6	war
36	action
525	comedy
525	crime
513	drama
704	comedy
704	drama
318	crime
318	drama
318	thriller
381	action
381	sci-fi
381	thriller
494	action
494	crime
494	drama
532	fantasy
325	documentary
57	drama
57	mystery
57	sci-fi
369	biography
369	drama
369	history
522	action
522	comedy
522	crime
240	drama
71	drama
543	documentary
433	drama
263	comedy
493	action
493	adventure
493	drama
693	drama
18	action
18	adventure
18	comedy
262	documentary
313	horror
313	thriller
343	comedy
637	action
637	drama
637	family
254	comedy
254	drama
254	music
486	drama
486	fantasy
486	horror
336	drama
328	drama
328	romance
328	sci-fi
560	adventure
560	animation
560	comedy
50	horror
50	thriller
186	action
186	adventure
186	romance
135	adventure
135	romance
593	action
593	adventure
593	fantasy
517	drama
517	thriller
82	action
60	documentary
126	documentary
17	action
17	drama
17	war
409	biography
409	drama
409	history
618	drama
618	romance
408	comedy
408	drama
408	romance
665	drama
665	romance
665	war
387	drama
587	crime
587	drama
587	horror
614	action
614	comedy
614	fantasy
635	drama
95	comedy
95	drama
95	romance
265	drama
265	romance
582	action
582	adventure
582	fantasy
658	action
658	adventure
658	animation
406	comedy
406	crime
423	drama
91	horror
661	horror
201	action
201	adventure
201	fantasy
488	comedy
488	romance
477	comedy
575	biography
575	drama
575	sport
664	comedy
664	drama
664	sci-fi
450	adventure
450	drama
450	fantasy
570	drama
505	horror
505	thriller
700	action
700	crime
700	thriller
317	drama
357	action
357	adventure
357	sci-fi
75	comedy
75	drama
621	crime
621	thriller
690	comedy
690	drama
690	sci-fi
698	drama
426	drama
207	drama
475	documentary
327	adventure
327	comedy
327	western
612	drama
282	drama
230	horror
51	comedy
51	drama
51	thriller
438	drama
438	thriller
274	mystery
274	thriller
53	action
53	comedy
53	crime
398	horror
398	thriller
469	comedy
469	horror
469	thriller
694	action
694	crime
694	thriller
16	comedy
16	drama
154	action
280	drama
70	musical
413	drama
594	action
594	comedy
594	crime
219	comedy
219	drama
451	drama
496	action
496	drama
239	drama
239	mystery
239	sci-fi
316	drama
611	action
611	comedy
611	crime
701	adventure
701	animation
701	comedy
48	action
48	crime
48	thriller
291	comedy
291	fantasy
202	action
202	adventure
202	fantasy
354	comedy
341	comedy
555	drama
555	thriller
127	action
127	drama
337	comedy
337	mystery
146	comedy
627	drama
485	comedy
142	action
142	thriller
573	documentary
550	adventure
550	drama
550	mystery
641	drama
641	fantasy
257	fantasy
257	horror
257	thriller
266	action
266	adventure
266	comedy
309	drama
309	sport
667	horror
667	thriller
296	drama
712	action
712	adventure
712	fantasy
25	drama
25	mystery
25	sci-fi
238	action
238	adventure
238	crime
376	comedy
376	romance
270	biography
270	documentary
270	history
213	action
213	adventure
213	animation
606	drama
606	music
606	romance
236	comedy
236	drama
236	romance
462	family
462	sport
697	comedy
620	comedy
620	drama
232	drama
232	history
307	adventure
307	comedy
581	drama
581	thriller
642	comedy
642	drama
526	action
526	adventure
526	drama
384	drama
203	crime
203	thriller
311	comedy
311	drama
541	adventure
541	drama
541	history
520	horror
520	thriller
379	action
379	crime
379	drama
187	comedy
187	drama
187	romance
629	comedy
629	crime
629	drama
498	drama
498	history
498	romance
602	comedy
602	family
308	biography
308	drama
308	music
400	action
400	comedy
400	crime
535	adventure
535	comedy
535	family
590	drama
225	horror
225	mystery
225	romance
134	crime
134	drama
711	action
711	adventure
711	horror
326	animation
326	family
208	drama
208	horror
208	romance
109	drama
109	fantasy
109	romance
56	biography
56	documentary
56	music
94	comedy
94	drama
94	romance
245	comedy
245	drama
245	romance
352	comedy
352	drama
660	adventure
660	animation
660	comedy
178	comedy
13	comedy
13	horror
403	animation
403	family
403	fantasy
164	adventure
164	comedy
164	sci-fi
217	family
217	fantasy
59	horror
59	mystery
185	comedy
185	romance
350	drama
631	drama
631	fantasy
631	thriller
630	documentary
630	music
592	comedy
592	romance
445	action
445	adventure
445	fantasy
156	action
156	thriller
143	comedy
143	horror
143	thriller
371	drama
371	thriller
194	action
194	drama
194	horror
506	family
506	fantasy
685	animation
685	drama
61	drama
61	romance
65	crime
65	drama
8	biography
8	comedy
8	crime
459	comedy
459	drama
508	action
508	adventure
508	horror
117	drama
117	fantasy
117	horror
288	thriller
293	thriller
292	drama
292	war
571	drama
571	mystery
373	adventure
373	animation
373	comedy
281	biography
281	drama
285	adventure
285	comedy
285	fantasy
319	biography
319	drama
673	comedy
673	romance
640	biography
640	drama
640	romance
295	action
295	crime
295	thriller
674	action
674	adventure
674	comedy
141	biography
141	drama
141	music
162	thriller
519	documentary
519	drama
300	comedy
380	drama
380	thriller
537	comedy
537	family
402	biography
402	drama
157	action
157	adventure
157	fantasy
709	drama
183	action
183	adventure
183	fantasy
639	biography
639	comedy
639	drama
422	action
422	adventure
422	fantasy
99	biography
99	crime
99	drama
394	documentary
172	comedy
172	drama
172	romance
155	comedy
155	drama
580	action
580	drama
580	fantasy
717	documentary
495	documentary
495	music
93	comedy
93	family
93	fantasy
662	drama
662	romance
591	action
241	biography
241	drama
241	history
567	documentary
283	comedy
600	comedy
600	drama
600	romance
434	adventure
434	animation
434	family
268	drama
268	music
482	comedy
688	drama
645	adventure
148	adventure
148	family
148	fantasy
182	biography
182	documentary
182	fantasy
468	drama
166	comedy
166	romance
419	documentary
167	drama
167	war
247	action
247	adventure
247	fantasy
467	drama
385	adventure
385	drama
385	sci-fi
153	action
153	adventure
153	horror
650	comedy
650	drama
650	romance
359	comedy
359	romance
563	action
563	crime
563	drama
35	thriller
708	drama
699	comedy
699	music
699	romance
577	action
577	fantasy
577	horror
314	drama
97	action
97	adventure
97	comedy
294	comedy
294	drama
77	comedy
77	horror
150	adventure
150	family
331	documentary
88	action
88	drama
88	fantasy
412	action
412	horror
412	thriller
287	drama
351	action
351	adventure
351	sci-fi
436	documentary
490	comedy
140	action
140	biography
140	crime
179	comedy
179	drama
323	adventure
323	comedy
323	family
114	crime
114	drama
114	romance
396	animation
396	comedy
396	family
205	horror
297	comedy
297	drama
297	war
453	drama
55	documentary
55	music
654	crime
654	drama
654	thriller
298	western
414	comedy
414	sci-fi
248	comedy
248	drama
248	romance
442	drama
442	fantasy
442	mystery
139	documentary
536	adventure
536	crime
536	drama
68	comedy
68	sci-fi
11	animation
11	comedy
11	crime
411	action
714	action
714	comedy
714	crime
514	horror
514	thriller
133	adventure
529	comedy
191	sci-fi
191	thriller
120	action
120	adventure
120	sci-fi
20	adventure
20	animation
20	family
473	horror
473	sci-fi
473	thriller
503	action
503	drama
503	sport
19	sci-fi
534	drama
534	horror
534	romance
440	romance
110	biography
110	drama
223	adventure
223	animation
223	comedy
324	drama
670	drama
348	comedy
49	drama
516	documentary
321	drama
321	sport
657	drama
657	romance
322	action
322	crime
322	drama
378	comedy
378	horror
553	adventure
553	horror
553	thriller
87	comedy
87	drama
144	documentary
696	comedy
696	crime
696	mystery
481	action
481	animation
481	drama
121	action
121	adventure
121	comedy
703	action
703	adventure
703	comedy
306	horror
306	thriller
684	adventure
684	animation
684	comedy
715	drama
715	romance
45	comedy
258	mystery
209	adventure
548	comedy
544	comedy
718	drama
676	horror
676	mystery
676	thriller
463	action
463	crime
463	horror
145	drama
145	thriller
40	documentary
101	thriller
212	documentary
175	horror
175	thriller
286	documentary
72	thriller
588	documentary
675	comedy
675	romance
542	comedy
542	drama
184	thriller
273	thriller
437	drama
437	romance
304	musical
69	adventure
69	drama
69	thriller
278	comedy
278	musical
278	romance
546	action
546	drama
546	thriller
458	horror
458	thriller
478	horror
681	adventure
681	animation
681	family
105	comedy
224	horror
111	comedy
111	drama
243	documentary
229	crime
229	drama
229	thriller
391	comedy
391	drama
391	romance
687	documentary
329	animation
329	comedy
329	fantasy
21	fantasy
404	adventure
404	comedy
404	drama
497	action
497	adventure
497	animation
552	adventure
552	animation
552	comedy
565	drama
565	mystery
565	thriller
624	comedy
624	drama
624	romance
554	action
554	biography
554	crime
67	drama
173	crime
173	drama
173	thriller
617	drama
617	romance
617	war
444	horror
444	mystery
444	thriller
713	crime
713	drama
713	thriller
226	action
226	crime
226	thriller
609	adventure
609	family
609	fantasy
320	biography
320	drama
320	music
132	horror
132	mystery
132	sci-fi
456	crime
456	thriller
137	comedy
634	biography
634	drama
428	adventure
428	drama
428	horror
43	drama
43	thriller
652	drama
652	mystery
652	thriller
335	comedy
540	comedy
540	romance
168	action
168	thriller
231	horror
628	drama
628	thriller
246	animation
246	comedy
246	sci-fi
460	drama
460	thriller
561	drama
615	horror
615	thriller
250	action
250	adventure
250	drama
86	comedy
86	drama
86	romance
108	drama
108	thriller
623	action
623	horror
623	sci-fi
332	drama
332	mystery
332	thriller
610	comedy
152	adventure
152	family
152	fantasy
5	action
5	adventure
5	thriller
131	drama
131	family
649	comedy
9	action
98	drama
648	horror
648	mystery
648	thriller
361	drama
361	sci-fi
435	action
435	crime
435	drama
284	drama
115	comedy
647	mystery
647	romance
26	action
26	adventure
26	family
119	comedy
119	crime
119	thriller
680	horror
524	adventure
524	animation
524	family
489	drama
489	thriller
200	action
200	mystery
200	thriller
125	mystery
125	romance
125	sci-fi
480	drama
480	thriller
605	action
605	drama
605	thriller
531	action
531	adventure
531	sci-fi
523	drama
149	crime
149	drama
149	thriller
576	action
576	adventure
576	drama
206	comedy
206	crime
206	drama
198	crime
198	drama
198	horror
397	drama
374	drama
303	documentary
527	action
527	comedy
527	crime
158	documentary
344	drama
235	adventure
235	animation
235	comedy
484	horror
301	comedy
388	drama
595	comedy
659	crime
659	documentary
551	action
551	adventure
551	family
603	biography
603	drama
603	sport
653	comedy
233	documentary
102	documentary
81	comedy
81	romance
275	crime
275	drama
275	history
707	animation
707	comedy
707	family
515	animation
515	crime
515	music
10	action
10	mystery
10	sci-fi
188	adventure
188	drama
188	family
586	comedy
586	romance
689	comedy
689	drama
330	drama
330	fantasy
330	history
116	drama
116	thriller
339	documentary
107	documentary
58	comedy
679	action
679	horror
679	thriller
528	action
528	adventure
528	fantasy
578	drama
66	biography
66	drama
222	action
222	biography
222	crime
3	action
79	drama
79	musical
79	romance
30	biography
30	drama
30	thriller
334	action
334	fantasy
234	documentary
128	comedy
511	comedy
511	thriller
626	adventure
626	family
626	fantasy
415	drama
415	romance
289	horror
289	thriller
383	drama
559	drama
559	thriller
421	action
421	adventure
421	animation
716	horror
716	thriller
502	crime
255	drama
474	drama
31	action
31	crime
31	thriller
424	adventure
424	animation
424	comedy
510	drama
510	horror
510	romance
39	horror
210	drama
210	romance
210	war
607	horror
607	thriller
646	action
646	comedy
646	crime
129	comedy
129	romance
360	action
360	drama
360	thriller
692	biography
692	comedy
692	crime
597	action
597	adventure
597	comedy
244	action
244	crime
244	drama
170	drama
672	biography
672	drama
672	sport
345	comedy
666	action
666	adventure
666	fantasy
44	animation
12	drama
305	drama
305	thriller
589	documentary
589	music
585	action
165	action
165	drama
165	thriller
706	action
706	animation
706	comedy
471	drama
471	fantasy
430	drama
190	documentary
62	horror
457	biography
457	drama
663	drama
663	thriller
24	drama
464	comedy
464	drama
196	documentary
76	drama
407	action
407	adventure
407	comedy
476	action
476	comedy
476	crime
237	adventure
237	family
237	fantasy
192	crime
192	drama
192	history
253	comedy
441	documentary
279	documentary
279	drama
557	drama
557	mystery
557	thriller
130	horror
130	romance
130	thriller
370	drama
579	comedy
579	drama
579	romance
677	horror
677	thriller
420	biography
420	drama
420	music
448	horror
448	thriller
533	documentary
569	comedy
569	drama
52	adventure
52	comedy
695	action
695	drama
264	biography
264	drama
264	history
432	action
432	adventure
432	drama
643	adventure
643	drama
100	drama
100	mystery
100	romance
584	drama
584	romance
174	documentary
174	sport
92	documentary
678	comedy
604	thriller
346	drama
622	adventure
622	drama
622	history
312	comedy
269	crime
90	documentary
41	biography
41	drama
41	thriller
199	drama
340	comedy
260	action
260	thriller
425	action
425	drama
425	sci-fi
138	crime
147	sci-fi
366	action
366	crime
366	thriller
169	drama
668	drama
668	horror
668	mystery
410	horror
410	thriller
599	comedy
599	drama
599	sport
539	biography
539	drama
539	family
228	action
228	adventure
228	sci-fi
401	horror
401	thriller
46	comedy
416	drama
163	action
163	fantasy
163	western
27	drama
27	mystery
632	comedy
632	drama
613	comedy
613	horror
276	comedy
276	drama
276	romance
362	action
362	comedy
362	sci-fi
418	adventure
418	horror
418	sci-fi
372	action
372	adventure
372	drama
249	fantasy
249	horror
249	mystery
215	sci-fi
491	horror
392	adventure
392	drama
392	family
315	drama
349	action
349	adventure
349	drama
447	action
447	sci-fi
447	thriller
38	action
38	fantasy
38	horror
342	comedy
342	drama
176	action
176	comedy
176	romance
4	drama
4	thriller
171	comedy
171	drama
171	mystery
74	action
74	family
74	fantasy
386	drama
80	action
80	adventure
80	fantasy
14	comedy
367	drama
367	sci-fi
367	thriller
368	comedy
368	drama
368	romance
619	action
619	adventure
619	sci-fi
221	drama
221	romance
363	horror
363	mystery
363	thriller
181	comedy
181	drama
181	music
113	comedy
113	romance
558	drama
558	horror
669	documentary
123	comedy
123	family
112	documentary
112	war
33	biography
33	documentary
33	drama
122	biography
122	drama
122	romance
564	animation
564	biography
545	comedy
365	documentary
365	drama
365	sci-fi
364	drama
583	horror
427	drama
427	music
507	drama
227	adventure
227	comedy
227	family
216	action
216	crime
216	sci-fi
310	comedy
22	drama
2	documentary
261	comedy
256	comedy
256	drama
84	comedy
84	drama
84	romance
78	fantasy
78	horror
23	family
23	sport
702	comedy
189	crime
189	thriller
193	action
193	crime
193	thriller
299	action
299	comedy
37	comedy
37	drama
63	mystery
63	thriller
103	action
103	drama
103	thriller
29	drama
29	music
446	drama
73	action
73	drama
382	documentary
449	drama
449	history
682	drama
487	adventure
487	documentary
417	drama
417	horror
220	comedy
220	horror
220	musical
83	comedy
251	drama
251	romance
333	comedy
333	drama
596	action
596	adventure
596	horror
159	adventure
159	comedy
159	family
252	comedy
252	drama
252	music
151	documentary
85	comedy
85	crime
530	horror
530	thriller
272	horror
512	comedy
512	drama
302	comedy
302	romance
1	comedy
356	comedy
356	romance
616	drama
616	thriller
347	action
347	animation
347	fantasy
54	horror
625	action
625	fantasy
625	thriller
501	comedy
501	romance
452	documentary
452	drama
218	biography
218	fantasy
218	horror
499	mystery
499	thriller
277	documentary
705	documentary
705	music
671	horror
655	comedy
655	romance
547	drama
96	action
96	adventure
96	thriller
574	action
574	crime
574	horror
204	action
204	drama
204	fantasy
7	drama
7	romance
461	drama
180	comedy
180	fantasy
180	horror
197	action
197	crime
197	drama
259	comedy
259	drama
259	mystery
518	action
518	horror
518	thriller
598	documentary
429	horror
429	thriller
691	horror
691	thriller
42	action
42	crime
42	mystery
399	documentary
399	music
454	drama
89	comedy
89	drama
504	documentary
47	action
47	comedy
47	crime
