movie_id	genre
tt0066853	drama
tt0069049	comedy
tt0069049	drama
tt0094859	comedy
tt0099381	horror
tt0100275	comedy
tt0100275	drama
tt0100275	fantasy
tt0112502	horror
tt0112502	thriller
tt0115686	comedy
tt0115686	fantasy
tt0117743	drama
tt0117743	romance
tt0119970	comedy
tt0119970	drama
tt0119970	sci-fi
tt0121569	mystery
tt0121569	thriller
tt0137204	adventure
tt0137204	animation
tt0137204	comedy
tt0139613	documentary
tt0139613	history
tt0143558	drama
tt0144449	biography
tt0146592	drama
tt0153140	comedy
tt0153140	drama
tt0154039	history
tt0159369	documentary
tt0162942	drama
tt0170651	documentary
tt0176694	animation
tt0176694	drama
tt0176694	history
tt0177636	biography
tt0177636	drama
tt0177636	music
tt0193747	drama
tt0200465	crime
tt0200465	drama
tt0200465	romance
tt0205270	comedy
tt0205380	action
tt0205380	drama
tt0205380	romance
tt0211946	comedy
tt0211946	drama
tt0211946	music
tt0230212	drama
tt0247643	drama
tt0247643	mystery
tt0249516	action
tt0249516	animation
tt0249516	comedy
tt0255820	biography
tt0255820	comedy
tt0255820	drama
tt0258112	action
tt0258112	adventure
tt0258112	comedy
tt0262759	documentary
tt0276568	action
tt0276568	drama
tt0283440	sci-fi
tt0285252	comedy
tt0287760	documentary
tt0289146	horror
tt0289146	mystery
tt0289146	thriller
tt0293069	thriller
tt0293354	adventure
tt0293354	family
tt0293354	fantasy
tt0295911	documentary
tt0297400	crime
tt0297400	drama
tt0304876	comedy
tt0311448	drama
tt0311448	romance
tt0311698	comedy
tt0311698	drama
tt0312305	adventure
tt0312305	animation
tt0312305	sci-fi
tt0312958	action
tt0312958	comedy
tt0315642	action
tt0315642	crime
tt0315642	drama
tt0317249	comedy
tt0317249	drama
tt0319115	drama
tt0319115	horror
tt0323808	drama
tt0323808	horror
tt0326965	drama
tt0326965	mystery
tt0326965	thriller
tt0327597	animation
tt0327597	drama
tt0327597	fantasy
tt0329539	adventure
tt0329539	comedy
tt0329539	romance
tt0330238	crime
tt0331312	comedy
tt0331312	drama
tt0331314	adventure
tt0331314	animation
tt0331314	comedy
tt0334202	documentary
tt0337692	adventure
tt0337692	drama
tt0337692	romance
tt0337882	comedy
tt0337882	crime
tt0337882	drama
tt0337926	biography
tt0339736	horror
tt0340020	comedy
tt0340020	documentary
tt0344074	drama
tt0346045	comedy
tt0346045	drama
tt0346631	action
tt0346631	drama
tt0353665	drama
tt0353665	fantasy
tt0353665	horror
tt0353765	comedy
tt0357668	action
tt0357668	adventure
tt0357668	drama
tt0359950	adventure
tt0359950	comedy
tt0359950	drama
tt0360556	drama
tt0360556	sci-fi
tt0360556	thriller
tt0361500	adventure
tt0361500	animation
tt0361500	comedy
tt0361748	adventure
tt0361748	drama
tt0361748	war
tt0362478	drama
tt0362478	fantasy
tt0362478	mystery
tt0363240	music
tt0363240	sci-fi
tt0363780	comedy
tt0363780	drama
tt0363780	romance
tt0364201	action
tt0364970	action
tt0364970	adventure
tt0364970	sci-fi
tt0365545	comedy
tt0365545	drama
tt0365545	romance
tt0365675	action
tt0365675	adventure
tt0365675	biography
tt0365873	comedy
tt0365907	crime
tt0365907	drama
tt0365907	mystery
tt0365929	action
tt0365929	crime
tt0365929	horror
tt0366415	documentary
tt0367882	action
tt0367882	adventure
tt0367882	fantasy
tt0368133	documentary
tt0368563	drama
tt0368563	horror
tt0368563	mystery
tt0369424	horror
tt0369424	thriller
tt0369436	comedy
tt0369436	drama
tt0369436	romance
tt0369499	documentary
tt0369610	action
tt0369610	adventure
tt0369610	sci-fi
tt0371746	action
tt0371746	adventure
tt0371746	sci-fi
tt0372538	action
tt0372538	crime
tt0372538	drama
tt0373028	comedy
tt0373028	fantasy
tt0373028	romance
tt0373051	action
tt0373051	adventure
tt0373051	family
tt0373340	action
tt0373340	adventure
tt0373340	family
tt0373817	comedy
tt0373817	documentary
tt0374569	biography
tt0374569	drama
tt0374569	history
tt0374853	adventure
tt0374853	drama
tt0374853	fantasy
tt0375568	action
tt0375568	animation
tt0375568	comedy
tt0376136	comedy
tt0376136	drama
tt0376479	crime
tt0376479	drama
tt0377981	adventure
tt0377981	animation
tt0377981	comedy
tt0378546	crime
tt0378546	drama
tt0378546	thriller
tt0379865	comedy
tt0379865	drama
tt0379865	romance
tt0380034	drama
tt0380249	comedy
tt0380249	drama
tt0380249	fantasy
tt0380510	drama
tt0380510	fantasy
tt0380510	thriller
tt0381940	mystery
tt0381940	sci-fi
tt0381940	thriller
tt0381957	drama
tt0382579	comedy
tt0382579	drama
tt0383010	comedy
tt0383010	family
tt0383028	comedy
tt0383028	drama
tt0383062	comedy
tt0383062	drama
tt0385887	crime
tt0385887	drama
tt0386117	adventure
tt0386117	drama
tt0386117	family
tt0387333	documentary
tt0387542	documentary
tt0392878	comedy
tt0393049	comedy
tt0393049	drama
tt0393049	romance
tt0393849	comedy
tt0396123	drama
tt0396707	adventure
tt0396707	family
tt0396707	fantasy
tt0397892	adventure
tt0397892	animation
tt0397892	comedy
tt0398286	adventure
tt0398286	animation
tt0398286	comedy
tt0398295	crime
tt0399976	thriller
tt0400320	adventure
tt0400426	action
tt0400426	adventure
tt0400426	sci-fi
tt0401729	action
tt0401729	adventure
tt0401729	sci-fi
tt0402449	drama
tt0402887	drama
tt0402978	drama
tt0403085	thriller
tt0403645	drama
tt0403645	war
tt0403702	comedy
tt0403702	drama
tt0403702	romance
tt0403935	action
tt0404254	comedy
tt0404254	drama
tt0404254	romance
tt0404978	comedy
tt0404978	crime
tt0405022	drama
tt0405022	music
tt0405022	romance
tt0405393	comedy
tt0405393	drama
tt0405393	sport
tt0406282	drama
tt0406759	drama
tt0406759	horror
tt0406759	mystery
tt0407194	comedy
tt0407194	drama
tt0407783	documentary
tt0407783	sport
tt0407852	drama
tt0407852	romance
tt0408060	sci-fi
tt0408060	thriller
tt0409345	crime
tt0409345	drama
tt0409345	mystery
tt0409379	crime
tt0409379	drama
tt0409379	thriller
tt0409459	action
tt0409459	drama
tt0409459	mystery
tt0409847	action
tt0409847	sci-fi
tt0409847	thriller
tt0410377	adventure
tt0410377	comedy
tt0410377	family
tt0411234	comedy
tt0411234	romance
tt0411271	comedy
tt0411271	romance
tt0411272	action
tt0411272	biography
tt0411272	crime
tt0411323	drama
tt0411323	thriller
tt0411475	action
tt0411475	drama
tt0411475	thriller
tt0411477	action
tt0411477	adventure
tt0411477	fantasy
tt0411670	comedy
tt0411670	drama
tt0411951	action
tt0411951	crime
tt0411951	drama
tt0412536	drama
tt0412536	romance
tt0413896	comedy
tt0414426	drama
tt0414426	mystery
tt0414426	romance
tt0414428	romance
tt0415489	comedy
tt0415489	drama
tt0416123	drama
tt0416212	drama
tt0416236	adventure
tt0416236	family
tt0416236	fantasy
tt0417205	comedy
tt0417610	fantasy
tt0417741	adventure
tt0417741	family
tt0417741	fantasy
tt0417750	documentary
tt0419692	drama
tt0419692	mystery
tt0419692	sci-fi
tt0419841	documentary
tt0420238	adventure
tt0420238	animation
tt0420238	comedy
tt0420293	biography
tt0420293	drama
tt0420293	history
tt0420999	comedy
tt0420999	drama
tt0421073	action
tt0421073	crime
tt0421073	drama
tt0421237	action
tt0421237	thriller
tt0421715	drama
tt0421715	fantasy
tt0421715	romance
tt0422734	comedy
tt0423073	drama
tt0423474	action
tt0423474	comedy
tt0423474	crime
tt0424859	drama
tt0425061	action
tt0425061	adventure
tt0425061	comedy
tt0425068	comedy
tt0425080	drama
tt0425141	horror
tt0425141	sci-fi
tt0425637	action
tt0425637	adventure
tt0425637	drama
tt0425656	drama
tt0425656	romance
tt0425785	drama
tt0426410	documentary
tt0426566	drama
tt0426592	action
tt0426592	comedy
tt0427152	comedy
tt0427340	action
tt0427340	adventure
tt0427340	drama
tt0427355	action
tt0427355	crime
tt0427543	drama
tt0428620	drama
tt0428620	sci-fi
tt0429493	action
tt0429493	adventure
tt0429493	comedy
tt0429572	documentary
tt0429658	horror
tt0429658	thriller
tt0429664	documentary
tt0429664	drama
tt0430524	documentary
tt0430770	comedy
tt0430770	drama
tt0430878	action
tt0430878	comedy
tt0430916	documentary
tt0430916	music
tt0430922	comedy
tt0431021	horror
tt0431021	thriller
tt0431670	fantasy
tt0431670	horror
tt0431670	thriller
tt0431842	action
tt0431842	drama
tt0432010	comedy
tt0432283	adventure
tt0432283	animation
tt0432283	comedy
tt0432314	drama
tt0432314	war
tt0433035	action
tt0433035	drama
tt0433035	family
tt0433362	action
tt0433362	fantasy
tt0433362	horror
tt0433397	comedy
tt0433397	drama
tt0433397	music
tt0433533	drama
tt0433533	fantasy
tt0433533	horror
tt0433787	drama
tt0435651	drama
tt0435651	romance
tt0435651	sci-fi
tt0435679	drama
tt0435679	romance
tt0435711	drama
tt0435711	family
tt0435716	action
tt0435716	drama
tt0435716	romance
tt0435761	adventure
tt0435761	animation
tt0435761	comedy
tt0436154	horror
tt0436154	music
tt0436230	horror
tt0436230	thriller
tt0436339	action
tt0436339	adventure
tt0436339	animation
tt0436364	drama
tt0436364	romance
tt0436364	war
tt0436405	thriller
tt0436854	comedy
tt0436854	drama
tt0437065	drama
tt0437065	romance
tt0437065	sport
tt0437086	action
tt0437086	adventure
tt0437086	romance
tt0437221	crime
tt0437221	drama
tt0437405	comedy
tt0437405	drama
tt0437462	adventure
tt0437462	romance
tt0437550	drama
tt0437550	romance
tt0438154	drama
tt0438488	action
tt0438488	adventure
tt0438488	sci-fi
tt0438894	action
tt0438894	comedy
tt0438894	crime
tt0439284	drama
tt0439284	romance
tt0439536	horror
tt0439572	action
tt0439572	adventure
tt0439572	fantasy
tt0439724	drama
tt0439724	thriller
tt0439801	action
tt0439882	comedy
tt0439882	drama
tt0439882	musical
tt0441328	drama
tt0441506	documentary
tt0441773	action
tt0441773	adventure
tt0441773	animation
tt0441779	documentary
tt0441782	drama
tt0441782	thriller
tt0441799	comedy
tt0441881	action
tt0441881	drama
tt0441881	war
tt0443272	biography
tt0443272	drama
tt0443272	history
tt0443274	action
tt0443274	crime
tt0443274	drama
tt0443331	drama
tt0443331	romance
tt0443435	horror
tt0443435	mystery
tt0443435	thriller
tt0443465	comedy
tt0443465	drama
tt0443465	romance
tt0443474	biography
tt0443474	drama
tt0443474	music
tt0443524	documentary
tt0443533	drama
tt0443533	romance
tt0443533	war
tt0443559	action
tt0443559	crime
tt0443559	drama
tt0443648	horror
tt0443648	thriller
tt0443649	action
tt0443649	adventure
tt0443649	drama
tt0443670	drama
tt0443670	romance
tt0443701	drama
tt0443701	horror
tt0443701	mystery
tt0444531	drama
tt0445054	crime
tt0445054	drama
tt0445054	horror
tt0445939	horror
tt0445939	thriller
tt0445939	western
tt0445953	drama
tt0445968	drama
tt0446029	action
tt0446029	comedy
tt0446029	fantasy
tt0446564	drama
tt0446676	drama
tt0446686	drama
tt0446792	comedy
tt0446792	drama
tt0446792	romance
tt0447160	action
tt0447160	sci-fi
tt0447166	action
tt0447166	adventure
tt0447166	comedy
tt0447692	drama
tt0447925	horror
tt0447927	horror
tt0447927	mystery
tt0447927	thriller
tt0448011	drama
tt0448011	mystery
tt0448011	sci-fi
tt0448022	drama
tt0448022	romance
tt0448093	drama
tt0448099	drama
tt0448115	action
tt0448115	adventure
tt0448115	fantasy
tt0448128	comedy
tt0448128	crime
tt0448157	action
tt0448157	drama
tt0448157	fantasy
tt0448182	drama
tt0448182	music
tt0448182	mystery
tt0448205	comedy
tt0448205	drama
tt0448694	action
tt0448694	adventure
tt0448694	animation
tt0448993	adventure
tt0449005	comedy
tt0449005	crime
tt0449444	horror
tt0449487	drama
tt0449487	fantasy
tt0449487	horror
tt0449994	action
tt0449994	drama
tt0449994	history
tt0450314	action
tt0450314	adventure
tt0450314	crime
tt0450336	horror
tt0450405	action
tt0450405	adventure
tt0450405	fantasy
tt0451079	adventure
tt0451079	animation
tt0451079	comedy
tt0451108	drama
tt0451154	horror
tt0451197	horror
tt0451201	horror
tt0451214	comedy
tt0451225	thriller
tt0451272	crime
tt0451272	thriller
tt0451279	action
tt0451279	adventure
tt0451279	fantasy
tt0451852	drama
tt0451852	war
tt0452183	comedy
tt0452183	romance
tt0452580	drama
tt0452608	action
tt0452608	sci-fi
tt0452608	thriller
tt0452645	action
tt0452645	adventure
tt0452645	fantasy
tt0452664	comedy
tt0452692	crime
tt0452692	drama
tt0452692	mystery
tt0452694	drama
tt0452694	fantasy
tt0452694	romance
tt0453501	comedy
tt0453501	drama
tt0453501	romance
tt0453549	documentary
tt0453560	drama
tt0453560	thriller
tt0453562	biography
tt0453562	drama
tt0453562	sport
tt0454155	comedy
tt0454155	drama
tt0454155	sci-fi
tt0454270	documentary
tt0454402	action
tt0454402	crime
tt0454402	thriller
tt0454777	drama
tt0454876	adventure
tt0454876	drama
tt0454876	fantasy
tt0454918	drama
tt0454918	romance
tt0454941	action
tt0454941	drama
tt0454941	sport
tt0454976	documentary
tt0454976	sport
tt0455323	drama
tt0455407	horror
tt0455407	thriller
tt0455538	biography
tt0455538	comedy
tt0455538	drama
tt0455824	adventure
tt0455824	drama
tt0455824	romance
tt0455944	action
tt0455944	crime
tt0455944	thriller
tt0455981	drama
tt0456005	horror
tt0456122	drama
tt0456122	musical
tt0456407	drama
tt0456627	action
tt0456627	fantasy
tt0456627	sci-fi
tt0456978	action
tt0456978	animation
tt0457355	action
tt0457355	drama
tt0457355	sport
tt0457400	adventure
tt0457400	comedy
tt0457400	sci-fi
tt0457591	drama
tt0458178	adventure
tt0458178	crime
tt0458178	family
tt0458339	action
tt0458339	adventure
tt0458339	sci-fi
tt0458413	comedy
tt0458413	drama
tt0458455	drama
tt0458455	romance
tt0458481	crime
tt0458481	thriller
tt0458515	drama
tt0458515	history
tt0458515	music
tt0458525	action
tt0458525	adventure
tt0458525	sci-fi
tt0459423	drama
tt0459748	comedy
tt0459748	drama
tt0459748	sci-fi
tt0460745	comedy
tt0460745	drama
tt0460745	romance
tt0460749	horror
tt0460749	thriller
tt0460773	drama
tt0460773	war
tt0460778	drama
tt0460809	drama
tt0460810	comedy
tt0460810	drama
tt0460890	drama
tt0460943	drama
tt0460943	horror
tt0460957	documentary
tt0461336	adventure
tt0461336	comedy
tt0461336	western
tt0461653	drama
tt0461653	thriller
tt0462036	drama
tt0462161	documentary
tt0462219	adventure
tt0462219	comedy
tt0462219	drama
tt0462232	drama
tt0462232	horror
tt0462232	thriller
tt0462261	drama
tt0462335	drama
tt0462401	fantasy
tt0462450	drama
tt0462465	action
tt0462465	adventure
tt0462465	sci-fi
tt0462479	documentary
tt0462479	music
tt0462490	documentary
tt0462499	action
tt0462499	thriller
tt0462499	war
tt0462516	horror
tt0462536	comedy
tt0462536	drama
tt0462536	thriller
tt0462559	comedy
tt0462559	family
tt0463311	drama
tt0463311	thriller
tt0463352	comedy
tt0463352	fantasy
tt0463352	music
tt0463867	sci-fi
tt0463872	adventure
tt0463872	comedy
tt0463872	family
tt0463960	mystery
tt0463960	thriller
tt0463990	documentary
tt0464032	action
tt0464032	comedy
tt0464032	crime
tt0464041	drama
tt0464041	horror
tt0464041	mystery
tt0464054	horror
tt0464054	thriller
tt0464077	comedy
tt0464077	drama
tt0464077	romance
tt0464096	comedy
tt0464096	mystery
tt0464096	thriller
tt0464137	comedy
tt0464154	comedy
tt0464154	horror
tt0464154	thriller
tt0464162	action
tt0464162	crime
tt0464162	thriller
tt0464891	comedy
tt0464891	drama
tt0464966	horror
tt0464966	thriller
tt0465430	comedy
tt0465430	crime
tt0465430	horror
tt0465502	animation
tt0465502	comedy
tt0465502	family
tt0465580	action
tt0465580	sci-fi
tt0465580	thriller
tt0465637	action
tt0465760	drama
tt0466553	musical
tt0466893	drama
tt0467017	action
tt0467017	crime
tt0467017	drama
tt0467197	action
tt0467197	crime
tt0467197	drama
tt0467200	biography
tt0467200	drama
tt0467200	history
tt0467426	documentary
tt0467490	documentary
tt0467490	music
tt0468504	documentary
tt0468529	drama
tt0468569	action
tt0468569	crime
tt0468569	drama
tt0469021	action
tt0469021	comedy
tt0469021	crime
tt0469059	drama
tt0469081	comedy
tt0469081	drama
tt0469081	fantasy
tt0469094	comedy
tt0469094	drama
tt0469099	comedy
tt0469099	drama
tt0469152	drama
tt0469158	action
tt0469158	drama
tt0469251	comedy
tt0469318	crime
tt0469318	mystery
tt0469318	thriller
tt0469640	biography
tt0469640	drama
tt0469640	fantasy
tt0469903	biography
tt0469903	drama
tt0469903	sport
tt0469925	action
tt0469925	crime
tt0469925	drama
tt0470420	romance
tt0470679	drama
tt0470752	drama
tt0470752	mystery
tt0470752	sci-fi
tt0470846	drama
tt0470846	war
tt0470936	drama
tt0470999	drama
tt0471032	comedy
tt0471032	fantasy
tt0471032	horror
tt0471041	action
tt0471041	thriller
tt0471042	action
tt0471042	comedy
tt0471042	crime
tt0472033	action
tt0472033	adventure
tt0472033	animation
tt0472039	drama
tt0472039	horror
tt0472039	thriller
tt0472050	comedy
tt0472073	horror
tt0472181	adventure
tt0472181	animation
tt0472181	comedy
tt0472198	biography
tt0472198	crime
tt0472198	drama
tt0472399	action
tt0472399	crime
tt0472399	thriller
tt0473001	comedy
tt0473032	comedy
tt0473032	fantasy
tt0473075	action
tt0473075	adventure
tt0473075	fantasy
tt0473088	comedy
tt0473102	comedy
tt0473102	drama
tt0473102	family
tt0473122	comedy
tt0473267	drama
tt0473267	horror
tt0473267	mystery
tt0473343	drama
tt0473343	thriller
tt0473364	thriller
tt0473367	comedy
tt0473367	drama
tt0473367	romance
tt0473390	drama
tt0473539	comedy
tt0473539	family
tt0473705	crime
tt0473705	drama
tt0473705	mystery
tt0474626	drama
tt0474819	crime
tt0474819	drama
tt0474819	thriller
tt0475239	action
tt0475239	drama
tt0475252	comedy
tt0475252	drama
tt0475252	romance
tt0475259	comedy
tt0475272	sci-fi
tt0475272	thriller
tt0475290	comedy
tt0475290	mystery
tt0475323	horror
tt0475323	thriller
tt0475360	comedy
tt0475860	drama
tt0475936	comedy
tt0475970	horror
tt0475970	sci-fi
tt0475983	drama
tt0475997	comedy
tt0475997	drama
tt0475998	adventure
tt0475998	animation
tt0475998	comedy
tt0476009	comedy
tt0476023	comedy
tt0476550	comedy
tt0476550	fantasy
tt0476958	comedy
tt0476958	horror
tt0476958	thriller
tt0476991	adventure
tt0476991	comedy
tt0476991	fantasy
tt0477002	documentary
tt0477050	drama
tt0477080	action
tt0477080	thriller
tt0477087	documentary
tt0477129	thriller
tt0477135	drama
tt0477135	thriller
tt0477302	adventure
tt0477302	drama
tt0477302	mystery
tt0477768	comedy
tt0477812	action
tt0477812	comedy
tt0477823	drama
tt0478056	documentary
tt0478087	crime
tt0478087	drama
tt0478087	history
tt0478137	horror
tt0478154	comedy
tt0478268	action
tt0478268	drama
tt0478268	mystery
tt0478304	drama
tt0478304	fantasy
tt0478305	comedy
tt0478305	horror
tt0478660	fantasy
tt0478660	horror
tt0478660	thriller
tt0478860	comedy
tt0478970	action
tt0478970	adventure
tt0478970	comedy
tt0478984	comedy
tt0479044	crime
tt0479044	documentary
tt0479051	drama
tt0479051	sport
tt0479204	horror
tt0479204	thriller
tt0479215	documentary
tt0479263	comedy
tt0479263	romance
tt0479341	drama
tt0479341	war
tt0479468	biography
tt0479468	documentary
tt0479468	music
tt0479651	action
tt0479651	adventure
tt0479651	sci-fi
tt0479661	drama
tt0479807	drama
tt0479937	drama
tt0479937	history
tt0479952	adventure
tt0479952	animation
tt0479952	comedy
tt0479968	horror
tt0479968	mystery
tt0479997	action
tt0479997	adventure
tt0479997	fantasy
tt0479999	comedy
tt0480239	drama
tt0480239	mystery
tt0480239	sci-fi
tt0480255	action
tt0480255	adventure
tt0480255	crime
tt0480256	drama
tt0480256	romance
tt0480451	action
tt0480451	thriller
tt0480566	comedy
tt0480687	comedy
tt0480687	romance
tt0481301	thriller
tt0481417	comedy
tt0481417	drama
tt0481419	drama
tt0481470	biography
tt0481470	documentary
tt0481470	history
tt0481494	action
tt0481494	adventure
tt0481494	comedy
tt0481499	action
tt0481499	adventure
tt0481499	animation
tt0481511	adventure
tt0481511	animation
tt0481511	family
tt0481536	adventure
tt0481536	comedy
tt0482267	horror
tt0482267	thriller
tt0482459	drama
tt0482459	music
tt0482459	romance
tt0482461	comedy
tt0482461	drama
tt0482461	romance
tt0482497	drama
tt0482497	western
tt0482517	drama
tt0482517	romance
tt0482525	drama
tt0482572	crime
tt0482572	drama
tt0482572	thriller
tt0482599	horror
tt0482599	mystery
tt0482599	thriller
tt0482603	adventure
tt0482603	animation
tt0482603	comedy
tt0482606	horror
tt0482606	mystery
tt0482606	thriller
tt0483539	drama
tt0483539	horror
tt0483539	mystery
tt0483586	family
tt0483586	sport
tt0483607	action
tt0483607	sci-fi
tt0483607	thriller
tt0483701	drama
tt0483717	documentary
tt0483717	music
tt0483740	comedy
tt0483746	drama
tt0483746	family
tt0483746	sport
tt0483839	comedy
tt0483839	drama
tt0484037	drama
tt0484037	history
tt0484426	thriller
tt0484474	action
tt0484474	drama
tt0484474	thriller
tt0484828	adventure
tt0484828	comedy
tt0484831	adventure
tt0484831	comedy
tt0484831	drama
tt0484905	crime
tt0484905	drama
tt0485061	drama
tt0485061	thriller
tt0485521	comedy
tt0485521	drama
tt0485601	adventure
tt0485601	animation
tt0485601	family
tt0485675	comedy
tt0485675	drama
tt0485782	action
tt0485782	comedy
tt0485782	horror
tt0485794	comedy
tt0485794	drama
tt0485794	war
tt0485924	horror
tt0485924	thriller
tt0485947	drama
tt0485947	fantasy
tt0485947	romance
tt0485985	action
tt0485985	adventure
tt0485985	drama
tt0486029	drama
tt0486029	western
tt0486259	documentary
tt0486321	adventure
tt0486321	animation
tt0486321	family
tt0486578	comedy
tt0486578	crime
tt0486578	drama
tt0486592	horror
tt0486592	sci-fi
tt0486615	drama
tt0486615	music
tt0486619	horror
tt0486622	drama
tt0486674	comedy
tt0486674	drama
tt0487913	drama
tt0487928	sci-fi
tt0487928	thriller
tt0487958	crime
tt0487958	drama
tt0488604	crime
tt0488604	mystery
tt0488604	thriller
tt0488612	crime
tt0488612	drama
tt0488612	thriller
tt0489017	thriller
tt0489019	horror
tt0489048	action
tt0489048	drama
tt0489048	horror
tt0489049	adventure
tt0489049	comedy
tt0489049	drama
tt0489099	action
tt0489099	adventure
tt0489099	sci-fi
tt0489210	family
tt0489281	drama
tt0489281	war
tt0489282	adventure
tt0489282	comedy
tt0489342	documentary
tt0489452	thriller
tt0489699	adventure
tt0489699	drama
tt0490075	crime
tt0490075	thriller
tt0490087	crime
tt0490087	drama
tt0490170	action
tt0490170	adventure
tt0490170	drama
tt0490181	action
tt0490181	adventure
tt0490181	sci-fi
tt0490199	comedy
tt0490199	drama
tt0490210	crime
tt0490210	drama
tt0490215	adventure
tt0490215	drama
tt0490215	history
tt0490236	horror
tt0490236	thriller
tt0490377	adventure
tt0490847	action
tt0490847	crime
tt0490847	drama
tt0490875	horror
tt0491044	drama
tt0491044	romance
tt0491046	biography
tt0491046	drama
tt0491046	romance
tt0491104	drama
tt0491152	comedy
tt0491152	drama
tt0491152	romance
tt0491175	comedy
tt0491175	crime
tt0491175	drama
tt0491203	drama
tt0491203	history
tt0491203	romance
tt0492044	drama
tt0492044	horror
tt0492044	mystery
tt0492389	comedy
tt0492389	family
tt0492881	action
tt0492881	comedy
tt0492881	crime
tt0492884	documentary
tt0492890	drama
tt0492890	family
tt0492896	comedy
tt0492896	drama
tt0492913	drama
tt0493076	biography
tt0493076	drama
tt0493076	music
tt0493101	drama
tt0493265	drama
tt0493405	action
tt0493405	comedy
tt0493405	crime
tt0493406	action
tt0493406	drama
tt0493406	history
tt0493447	comedy
tt0493451	horror
tt0493451	thriller
tt0493463	drama
tt0493463	thriller
tt0493464	action
tt0493464	crime
tt0493464	fantasy
tt0493949	adventure
tt0493949	comedy
tt0493949	family
tt0494208	drama
tt0494229	drama
tt0494237	horror
tt0494238	adventure
tt0494238	family
tt0494238	fantasy
tt0494249	action
tt0494249	drama
tt0494249	thriller
tt0494252	comedy
tt0494252	drama
tt0494277	comedy
tt0494277	drama
tt0494277	romance
tt0494279	comedy
tt0494285	drama
tt0494652	comedy
tt0494652	romance
tt0494826	documentary
tt0494841	drama
tt0494841	romance
tt0494864	crime
tt0494864	drama
tt0494864	thriller
tt0495024	horror
tt0495024	mystery
tt0495024	romance
tt0495030	thriller
tt0495037	crime
tt0495037	drama
tt0495111	drama
tt0495111	horror
tt0495111	thriller
tt0496225	drama
tt0496225	musical
tt0496225	romance
tt0496253	documentary
tt0496253	mystery
tt0496306	drama
tt0496306	thriller
tt0496337	documentary
tt0496360	documentary
tt0496375	action
tt0496375	adventure
tt0496375	horror
tt0496403	documentary
tt0496413	thriller
tt0496634	biography
tt0496634	drama
tt0496634	history
tt0496673	comedy
tt0496673	drama
tt0497339	comedy
tt0497372	drama
tt0497412	thriller
tt0497465	drama
tt0497465	romance
tt0497951	drama
tt0497951	war
tt0497990	documentary
tt0497990	music
tt0498094	documentary
tt0498328	documentary
tt0498329	documentary
tt0498351	animation
tt0498351	family
tt0498381	drama
tt0498381	horror
tt0498381	romance
tt0498993	documentary
tt0499348	drama
tt0499418	drama
tt0499418	romance
tt0499420	comedy
tt0499420	musical
tt0499448	action
tt0499448	adventure
tt0499448	family
tt0499469	adventure
tt0499469	drama
tt0499469	mystery
tt0499493	comedy
tt0499493	drama
tt0499493	romance
tt0499501	romance
tt0499549	action
tt0499549	adventure
tt0499549	fantasy
tt0499608	drama
tt0499608	fantasy
tt0499608	romance
tt0499672	comedy
tt0756621	comedy
tt0756621	drama
tt0756673	family
tt0756707	action
tt0756707	adventure
tt0756707	crime
tt0756727	biography
tt0756727	documentary
tt0756727	music
tt0757171	documentary
tt0757201	comedy
tt0758734	comedy
tt0758734	drama
tt0758734	romance
tt0758746	horror
tt0758747	comedy
tt0758752	comedy
tt0758752	drama
tt0758752	romance
tt0758755	horror
tt0758755	romance
tt0758774	action
tt0758774	drama
tt0758774	thriller
tt0760166	drama
tt0760166	romance
tt0760169	horror
tt0760313	drama
tt0762072	comedy
tt0762073	drama
tt0762073	horror
tt0762073	romance
tt0762105	comedy
tt0762105	romance
tt0762118	comedy
tt0762118	drama
tt0762118	musical
tt0762125	adventure
tt0762125	animation
tt0762125	comedy
tt0762137	action
tt0762138	comedy
tt0762138	drama
tt0762138	romance
tt0762145	crime
tt0762145	drama
tt0762145	mystery
tt0763831	comedy
tt0763831	drama
tt0763844	drama
tt0763844	music
tt0763844	romance
tt0763850	documentary
tt0765010	drama
tt0765010	war
tt0765128	documentary
tt0765128	drama
tt0765242	adventure
tt0765242	comedy
tt0765242	family
tt0765432	action
tt0765432	biography
tt0765432	crime
tt0765442	drama
tt0765446	adventure
tt0765446	animation
tt0765446	comedy
tt0765452	horror
tt0765453	comedy
tt0765459	comedy
tt0765459	horror
tt0765461	drama
tt0765465	animation
tt0765465	family
tt0765465	fantasy
tt0765472	drama
tt0765476	adventure
tt0765476	comedy
tt0765476	family
tt0765485	adventure
tt0765485	comedy
tt0765485	sci-fi
tt0768187	family
tt0768187	fantasy
tt0768218	adventure
tt0768218	comedy
tt0768218	drama
tt0768222	horror
tt0768222	mystery
tt0768230	comedy
tt0768230	romance
tt0768239	drama
tt0770703	comedy
tt0770703	romance
tt0770728	drama
tt0770736	comedy
tt0770751	drama
tt0770752	action
tt0770752	adventure
tt0770752	comedy
tt0770778	drama
tt0770778	fantasy
tt0770778	thriller
tt0770790	comedy
tt0770790	drama
tt0770802	documentary
tt0770802	music
tt0770814	adventure
tt0770814	comedy
tt0770814	drama
tt0770819	comedy
tt0770819	romance
tt0770828	action
tt0770828	adventure
tt0770828	fantasy
tt0772165	drama
tt0772165	thriller
tt0772175	action
tt0772175	thriller
tt0772179	comedy
tt0772179	horror
tt0772179	thriller
tt0772181	drama
tt0772181	fantasy
tt0772181	thriller
tt0772197	horror
tt0772866	documentary
tt0772866	music
tt0773306	drama
tt0773306	musical
tt0774519	drama
tt0774519	thriller
tt0775080	drama
tt0775418	comedy
tt0775418	drama
tt0775440	action
tt0775440	drama
tt0775440	horror
tt0775461	family
tt0775461	fantasy
tt0775482	adventure
tt0775482	documentary
tt0775489	animation
tt0775489	drama
tt0775543	drama
tt0775543	romance
tt0775552	adventure
tt0775552	animation
tt0775552	comedy
tt0779268	drama
tt0780002	comedy
tt0780471	documentary
tt0780481	documentary
tt0780500	action
tt0780500	adventure
tt0780504	crime
tt0780504	drama
tt0780511	adventure
tt0780511	drama
tt0780521	adventure
tt0780521	animation
tt0780521	comedy
tt0780534	action
tt0780534	comedy
tt0780534	crime
tt0780536	comedy
tt0780536	crime
tt0780536	drama
tt0780548	biography
tt0780548	comedy
tt0780548	crime
tt0780567	comedy
tt0780567	drama
tt0780567	family
tt0780577	documentary
tt0780625	comedy
tt0780625	drama
tt0780645	action
tt0780645	adventure
tt0780645	horror
tt0780653	drama
tt0780653	fantasy
tt0780653	horror
tt0781441	thriller
tt0781525	crime
tt0781525	drama
tt0781525	romance
tt0782047	thriller
tt0783236	romance
tt0783530	drama
tt0783530	music
tt0783532	action
tt0783532	crime
tt0783532	drama
tt0783538	action
tt0783538	comedy
tt0783538	music
tt0783566	documentary
tt0783640	drama
tt0783640	war
tt0784979	comedy
tt0785006	comedy
tt0785006	family
tt0785007	comedy
tt0785007	fantasy
tt0785007	romance
tt0785012	drama
tt0785012	romance
tt0785012	war
tt0785016	thriller
tt0785035	action
tt0787442	drama
tt0787442	mystery
tt0787470	comedy
tt0787470	sport
tt0787474	adventure
tt0787474	animation
tt0787474	comedy
tt0787485	comedy
tt0787485	horror
tt0787519	drama
tt0787524	biography
tt0787524	drama
tt0789783	drama
tt0790627	comedy
tt0790627	drama
tt0790628	adventure
tt0790628	comedy
tt0790628	fantasy
tt0790633	comedy
tt0790636	biography
tt0790636	drama
tt0790643	comedy
tt0790653	comedy
tt0790653	romance
tt0790660	drama
tt0790663	biography
tt0790663	drama
tt0790663	romance
tt0790682	crime
tt0790682	thriller
tt0790686	horror
tt0790686	mystery
tt0790712	drama
tt0790712	romance
tt0790712	war
tt0790723	comedy
tt0790723	romance
tt0790724	action
tt0790724	crime
tt0790724	thriller
tt0790736	action
tt0790736	adventure
tt0790736	comedy
tt0790745	documentary
tt0790748	drama
tt0790770	biography
tt0790770	drama
tt0790770	music
tt0790784	documentary
tt0790786	action
tt0790786	drama
tt0790786	family
tt0790788	thriller
tt0790799	animation
tt0790799	drama
tt0790799	fantasy
tt0790810	action
tt0790813	drama
tt0790813	horror
tt0790813	thriller
tt0791231	thriller
tt0791303	drama
tt0791303	mystery
tt0791303	romance
tt0791308	drama
tt0791321	horror
tt0791488	comedy
tt0791488	drama
tt0791488	western
tt0791533	comedy
tt0791533	crime
tt0791533	drama
tt0792978	animation
tt0792978	family
tt0795344	drama
tt0795351	horror
tt0795351	mystery
tt0795351	thriller
tt0795353	documentary
tt0795358	documentary
tt0795362	action
tt0795362	adventure
tt0795362	crime
tt0795421	comedy
tt0795421	musical
tt0795421	romance
tt0795438	drama
tt0795438	romance
tt0795441	drama
tt0795441	history
tt0795441	war
tt0795459	documentary
tt0795459	drama
tt0795461	comedy
tt0795463	crime
tt0795463	drama
tt0795463	horror
tt0796345	horror
tt0796348	drama
tt0796348	family
tt0796366	action
tt0796366	adventure
tt0796366	sci-fi
tt0796907	comedy
tt0796914	documentary
tt0797085	horror
tt0797085	thriller
tt0797094	drama
tt0797094	music
tt0798732	comedy
tt0798732	drama
tt0798817	drama
tt0798817	thriller
tt0799934	comedy
tt0799942	crime
tt0799942	drama
tt0799942	mystery
tt0800019	drama
tt0800039	comedy
tt0800039	drama
tt0800039	romance
tt0800054	comedy
tt0800054	family
tt0800058	comedy
tt0800070	documentary
tt0800070	family
tt0800080	action
tt0800080	adventure
tt0800080	sci-fi
tt0800092	biography
tt0800092	drama
tt0800203	drama
tt0800203	romance
tt0800240	crime
tt0800240	drama
tt0800240	mystery
tt0800241	crime
tt0800241	drama
tt0800241	mystery
tt0800243	drama
tt0800268	adventure
tt0800268	comedy
tt0800308	crime
tt0800308	drama
tt0800308	romance
tt0800320	action
tt0800320	adventure
tt0800320	fantasy
tt0800353	drama
tt0800369	action
tt0800369	adventure
tt0800369	fantasy
tt0802956	horror
tt0803029	drama
tt0803029	sport
tt0803057	comedy
tt0803061	biography
tt0803061	comedy
tt0803061	drama
tt0803096	action
tt0803096	adventure
tt0803096	fantasy
tt0803100	adventure
tt0803100	family
tt0804438	comedy
tt0804438	drama
tt0804438	romance
tt0804443	horror
tt0804443	sci-fi
tt0804443	thriller
tt0804463	biography
tt0804463	crime
tt0804463	drama
tt0804469	comedy
tt0804483	documentary
tt0804485	documentary
tt0804492	comedy
tt0804492	romance
tt0804497	comedy
tt0804497	drama
tt0804497	romance
tt0804508	comedy
tt0804509	comedy
tt0804509	drama
tt0804529	drama
tt0804529	romance
tt0804529	sci-fi
tt0804532	drama
tt0804536	drama
tt0804536	thriller
tt0804539	action
tt0804539	horror
tt0804539	thriller
tt0805570	horror
tt0805570	mystery
tt0805570	thriller
tt0805617	action
tt0805617	drama
tt0805617	fantasy
tt0806027	action
tt0806027	horror
tt0806027	thriller
tt0806029	drama
tt0806029	romance
tt0806029	thriller
tt0806073	comedy
tt0806073	romance
tt0806147	comedy
tt0806165	comedy
tt0806165	drama
tt0806165	romance
tt0806203	drama
tt0806203	horror
tt0806203	sci-fi
tt0807028	comedy
tt0808148	drama
tt0808151	mystery
tt0808151	thriller
tt0808223	drama
tt0808223	horror
tt0808232	comedy
tt0808232	drama
tt0808244	comedy
tt0808244	romance
tt0808245	documentary
tt0808285	comedy
tt0808285	drama
tt0808339	action
tt0808339	adventure
tt0808339	thriller
tt0808399	comedy
tt0808399	drama
tt0808399	romance
tt0808447	documentary
tt0808447	music
tt0808510	comedy
tt0808510	family
tt0808510	fantasy
tt0808526	comedy
tt0808526	drama
tt0809432	biography
tt0809432	drama
tt0809432	music
tt0809504	comedy
tt0809504	romance
tt0809920	comedy
tt0810089	action
tt0810089	crime
tt0810089	drama
tt0810357	documentary
tt0810772	drama
tt0810772	romance
tt0810784	biography
tt0810784	drama
tt0810784	romance
tt0810815	action
tt0810819	biography
tt0810819	drama
tt0810819	history
tt0810821	action
tt0810821	crime
tt0810821	drama
tt0810856	documentary
tt0810880	drama
tt0810913	comedy
tt0810922	comedy
tt0810922	drama
tt0810922	romance
tt0810924	horror
tt0810924	thriller
tt0811021	adventure
tt0811021	animation
tt0811021	family
tt0811047	horror
tt0811047	thriller
tt0811069	drama
tt0811069	music
tt0811080	action
tt0811080	adventure
tt0811080	comedy
tt0811124	adventure
tt0811124	horror
tt0811124	thriller
tt0811137	comedy
tt0811138	comedy
tt0811138	romance
tt0811138	sport
tt0811154	documentary
tt0811613	drama
tt0812352	horror
tt0812352	mystery
tt0812352	sci-fi
tt0813991	thriller
tt0813992	adventure
tt0814005	biography
tt0814005	drama
tt0814007	biography
tt0814007	documentary
tt0814022	action
tt0814022	crime
tt0814022	thriller
tt0814031	biography
tt0814031	documentary
tt0814031	history
tt0814046	documentary
tt0814046	music
tt0814062	drama
tt0814096	documentary
tt0814131	comedy
tt0814131	fantasy
tt0814255	adventure
tt0814255	family
tt0814255	fantasy
tt0814314	drama
tt0814314	romance
tt0814331	comedy
tt0814331	romance
tt0814335	crime
tt0814335	thriller
tt0814397	adventure
tt0814397	horror
tt0814759	crime
tt0814759	drama
tt0814759	thriller
tt0815096	adventure
tt0815096	animation
tt0815100	biography
tt0815100	documentary
tt0815100	fantasy
tt0815101	drama
tt0815182	comedy
tt0815182	drama
tt0815182	romance
tt0815229	comedy
tt0815229	drama
tt0815229	history
tt0815235	comedy
tt0815236	comedy
tt0815236	romance
tt0815241	comedy
tt0815241	documentary
tt0815241	war
tt0815245	drama
tt0815245	horror
tt0815245	mystery
tt0815246	drama
tt0815490	comedy
tt0815490	drama
tt0816149	romance
tt0816362	documentary
tt0816442	drama
tt0816442	war
tt0816462	action
tt0816462	adventure
tt0816462	fantasy
tt0816523	horror
tt0816544	biography
tt0816544	drama
tt0816556	drama
tt0816556	horror
tt0816556	mystery
tt0816607	comedy
tt0816648	drama
tt0816692	adventure
tt0816692	drama
tt0816692	sci-fi
tt0816711	action
tt0816711	adventure
tt0816711	horror
tt0817177	comedy
tt0817177	drama
tt0817177	romance
tt0817230	comedy
tt0817230	romance
tt0817517	drama
tt0817517	horror
tt0817538	comedy
tt0817538	drama
tt0817545	action
tt0817545	crime
tt0817545	drama
tt0817900	thriller
tt0818098	thriller
tt0818110	mystery
tt0818110	thriller
tt0818165	crime
tt0818165	horror
tt0818165	mystery
tt0818172	drama
tt0818226	action
tt0818226	adventure
tt0818226	western
tt0818610	comedy
tt0818831	comedy
tt0818831	drama
tt0818831	mystery
tt0819660	documentary
tt0819660	music
tt0819714	biography
tt0819714	drama
tt0819714	romance
tt0819735	comedy
tt0819735	drama
tt0819735	romance
tt0819753	horror
tt0819755	horror
tt0819755	thriller
tt0819916	drama
tt0819916	mystery
tt0819916	thriller
tt0820018	drama
tt0820846	crime
tt0820846	drama
tt0820872	fantasy
tt0820872	thriller
tt0821486	comedy
tt0821486	music
tt0821486	romance
tt0821640	comedy
tt0821640	fantasy
tt0821640	romance
tt0821642	biography
tt0821642	drama
tt0821642	music
tt0821810	drama
tt0821810	family
tt0822388	drama
tt0822785	drama
tt0822802	action
tt0822802	crime
tt0822802	thriller
tt0822811	drama
tt0822819	comedy
tt0822831	comedy
tt0822832	comedy
tt0822832	drama
tt0822832	family
tt0822833	comedy
tt0822833	drama
tt0822847	action
tt0822847	fantasy
tt0822847	horror
tt0822868	drama
tt0823460	thriller
tt0823649	thriller
tt0824279	thriller
tt0824330	drama
tt0824330	war
tt0824747	biography
tt0824747	crime
tt0824747	drama
tt0824758	biography
tt0824758	drama
tt0824758	romance
tt0825231	action
tt0825279	drama
tt0825279	fantasy
tt0825279	sci-fi
tt0825282	drama
tt0825283	action
tt0825283	adventure
tt0825283	comedy
tt0825334	comedy
tt0825334	drama
tt0826132	documentary
tt0826218	thriller
tt0826523	action
tt0826523	comedy
tt0826523	crime
tt0826532	comedy
tt0826532	horror
tt0826558	comedy
tt0826579	documentary
tt0826592	comedy
tt0826593	drama
tt0826593	sci-fi
tt0826593	thriller
tt0826608	drama
tt0826637	comedy
tt0826641	comedy
tt0826751	comedy
tt0826751	music
tt0826756	drama
tt0826756	romance
tt0826823	adventure
tt0826823	family
tt0827170	comedy
tt0827181	action
tt0827181	crime
tt0827181	drama
tt0827192	comedy
tt0827192	romance
tt0827763	drama
tt0828103	comedy
tt0828135	documentary
tt0828393	drama
tt0828554	documentary
tt0829150	action
tt0829150	drama
tt0829150	fantasy
tt0829154	action
tt0829154	drama
tt0829154	thriller
tt0829176	action
tt0829176	horror
tt0829176	thriller
tt0829251	horror
tt0829251	mystery
tt0829269	biography
tt0829269	documentary
tt0829269	sport
tt0829422	comedy
tt0829422	drama
tt0829427	comedy
tt0829432	drama
tt0829437	adventure
tt0829442	drama
tt0829442	horror
tt0829442	mystery
tt0830209	horror
tt0830209	mystery
tt0830209	thriller
tt0830515	action
tt0830515	adventure
tt0830515	thriller
tt0830535	drama
tt0830538	thriller
tt0830570	drama
tt0830570	romance
tt0830593	western
tt0830813	comedy
tt0830813	drama
tt0830813	romance
tt0830861	adventure
tt0830861	animation
tt0830861	family
tt0830924	comedy
tt0830924	drama
tt0830924	romance
tt0831272	sci-fi
tt0831275	drama
tt0831277	crime
tt0831277	drama
tt0831277	western
tt0831279	crime
tt0831279	drama
tt0831280	drama
tt0831324	documentary
tt0831328	comedy
tt0831328	drama
tt0831387	action
tt0831387	adventure
tt0831387	sci-fi
tt0831881	documentary
tt0831887	action
tt0831887	crime
tt0831887	fantasy
tt0831904	comedy
tt0832266	comedy
tt0832266	drama
tt0832266	romance
tt0832284	comedy
tt0832284	horror
tt0832318	drama
tt0833557	comedy
tt0833557	drama
tt0833557	sci-fi
tt0833878	comedy
tt0833878	drama
tt0833878	romance
tt0833879	drama
tt0833879	romance
tt0833960	drama
tt0834001	action
tt0834001	adventure
tt0834001	fantasy
tt0834171	biography
tt0834171	comedy
tt0834171	drama
tt0834541	comedy
tt0834580	comedy
tt0834899	comedy
tt0834927	drama
tt0834952	drama
tt0834961	thriller
tt0834967	adventure
tt0834967	drama
tt0834967	history
tt0835372	drama
tt0835372	romance
tt0835383	comedy
tt0835418	comedy
tt0835775	action
tt0835775	biography
tt0835775	crime
tt0835802	comedy
tt0835802	drama
tt0835826	drama
tt0835828	comedy
tt0835828	drama
tt0836700	drama
tt0836700	family
tt0837156	adventure
tt0837156	comedy
tt0837156	family
tt0837559	crime
tt0837559	drama
tt0837559	romance
tt0837562	animation
tt0837562	comedy
tt0837562	family
tt0837563	horror
tt0837792	drama
tt0837792	family
tt0837794	drama
tt0837795	drama
tt0837796	drama
tt0837796	horror
tt0837796	thriller
tt0837802	biography
tt0837802	drama
tt0838194	comedy
tt0838194	drama
tt0838194	war
tt0838232	adventure
tt0838232	comedy
tt0838232	crime
tt0838241	drama
tt0838247	drama
tt0838247	horror
tt0838247	mystery
tt0838283	comedy
tt0839741	comedy
tt0839742	drama
tt0839856	comedy
tt0839976	adventure
tt0839976	comedy
tt0839976	fantasy
tt0839980	comedy
tt0839980	sport
tt0840322	drama
tt0840322	sport
tt0840358	documentary
tt0840358	music
tt0840361	crime
tt0840361	drama
tt0840361	thriller
tt0840789	western
tt0841009	comedy
tt0841009	romance
tt0841012	drama
tt0841012	western
tt0841048	drama
tt0841048	romance
tt0841103	action
tt0841138	comedy
tt0841138	romance
tt0841174	action
tt0841174	crime
tt0841185	comedy
tt0841185	sci-fi
tt0841922	crime
tt0841922	drama
tt0841922	thriller
tt0842675	adventure
tt0842675	drama
tt0842675	romance
tt0842926	comedy
tt0842926	drama
tt0842926	romance
tt0843329	documentary
tt0843358	animation
tt0843358	drama
tt0843839	drama
tt0843839	fantasy
tt0843839	mystery
tt0843841	drama
tt0843852	comedy
tt0843852	horror
tt0843858	horror
tt0843858	romance
tt0843876	comedy
tt0844286	adventure
tt0844286	comedy
tt0844286	drama
tt0844457	adventure
tt0844457	biography
tt0844457	drama
tt0844466	comedy
tt0844471	action
tt0844471	adventure
tt0844471	animation
tt0844479	horror
tt0844479	thriller
tt0844666	horror
tt0844666	mystery
tt0844666	thriller
tt0844671	comedy
tt0844699	documentary
tt0844708	horror
tt0844708	thriller
tt0844866	adventure
tt0844866	crime
tt0844866	drama
tt0844915	comedy
tt0844915	sci-fi
tt0844993	animation
tt0844993	comedy
tt0844993	crime
tt0845492	action
tt0845492	comedy
tt0845492	crime
tt0845558	romance
tt0846004	action
tt0846033	drama
tt0846068	thriller
tt0846111	action
tt0846111	adventure
tt0846111	mystery
tt0846308	drama
tt0846308	family
tt0846318	family
tt0847180	action
tt0847180	comedy
tt0847180	crime
tt0847211	comedy
tt0847214	drama
tt0847215	horror
tt0847215	thriller
tt0847221	drama
tt0847221	sport
tt0847505	adventure
tt0847735	comedy
tt0847770	comedy
tt0847825	sci-fi
tt0847825	thriller
tt0847901	drama
tt0848228	action
tt0848228	adventure
tt0848228	sci-fi
tt0848281	comedy
tt0848281	romance
tt0848537	adventure
tt0848537	animation
tt0848537	family
tt0848538	comedy
tt0848538	sport
tt0848554	horror
tt0848554	sci-fi
tt0848554	thriller
tt0848556	drama
tt0849437	action
tt0849437	drama
tt0849437	sport
tt0849458	drama
tt0850247	sci-fi
tt0850648	comedy
tt0850674	drama
tt0850674	romance
tt0850677	drama
tt0850677	horror
tt0850677	romance
tt0850678	romance
tt0850705	horror
tt0850709	biography
tt0850709	drama
tt0851471	adventure
tt0851471	animation
tt0851471	comedy
tt0851515	action
tt0851515	adventure
tt0851515	comedy
tt0851530	crime
tt0851530	drama
tt0851530	horror
tt0851532	biography
tt0851532	drama
tt0851532	history
tt0852441	drama
tt0852603	documentary
tt0852713	comedy
tt0852713	romance
tt0852939	drama
tt0852951	biography
tt0852951	documentary
tt0852958	documentary
tt0852965	drama
tt0852967	comedy
tt0852982	adventure
tt0852982	drama
tt0852986	comedy
tt0853002	drama
tt0853129	comedy
tt0853155	documentary
tt0853157	biography
tt0853157	documentary
tt0853157	music
tt0853186	comedy
tt0853186	drama
tt0854669	drama
tt0854669	thriller
tt0854670	horror
tt0854676	comedy
tt0854676	drama
tt0854679	action
tt0854679	crime
tt0854679	thriller
tt0855006	drama
tt0855006	music
tt0855007	adventure
tt0855705	drama
tt0855705	sport
tt0855846	comedy
tt0855852	drama
tt0856162	thriller
tt0856163	comedy
tt0856778	crime
tt0856778	drama
tt0856796	drama
tt0856796	romance
tt0857190	action
tt0857190	crime
tt0857190	drama
tt0857275	drama
tt0857275	romance
tt0857280	comedy
tt0857280	horror
tt0858411	comedy
tt0858411	horror
tt0858422	adventure
tt0858422	horror
tt0858422	thriller
tt0858463	crime
tt0858479	comedy
tt0858479	drama
tt0858479	romance
tt0858494	documentary
tt0858497	adventure
tt0858497	documentary
tt0858500	comedy
tt0858500	drama
tt0859163	action
tt0859163	adventure
tt0859163	fantasy
tt0859612	documentary
tt0859635	comedy
tt0859635	crime
tt0859635	mystery
tt0859641	drama
tt0859644	comedy
tt0859644	drama
tt0860516	horror
tt0860516	mystery
tt0860516	sci-fi
tt0860835	horror
tt0860837	action
tt0860837	comedy
tt0860837	crime
tt0860870	drama
tt0860870	sport
tt0860906	action
tt0860906	animation
tt0860906	drama
tt0860907	action
tt0860907	animation
tt0860907	drama
tt0861689	drama
tt0861689	mystery
tt0861689	sci-fi
tt0861747	action
tt0861747	adventure
tt0861747	comedy
tt0861779	drama
tt0862467	adventure
tt0862467	drama
tt0862467	fantasy
tt0862748	action
tt0862748	adventure
tt0862748	comedy
tt0862846	comedy
tt0862846	drama
tt0862884	drama
tt0862884	mystery
tt0862884	romance
tt0862930	horror
tt0862930	thriller
tt0863111	thriller
tt0864761	biography
tt0864761	drama
tt0864761	history
tt0864835	adventure
tt0864835	animation
tt0864835	comedy
tt0865297	drama
tt0865297	romance
tt0865554	crime
tt0865554	drama
tt0865554	thriller
tt0865556	action
tt0865556	adventure
tt0865556	fantasy
tt0865557	drama
tt0865557	romance
tt0865559	comedy
tt0865559	romance
tt0865560	drama
tt0865561	comedy
tt0865911	mystery
tt0866435	action
tt0866435	crime
tt0866435	drama
tt0866439	comedy
tt0866439	romance
tt0867235	drama
tt0867235	romance
tt0867270	drama
tt0867271	comedy
tt0867271	sci-fi
tt0867295	drama
tt0867295	horror
tt0867295	thriller
tt0867306	thriller
tt0867334	drama
tt0867411	crime
tt0867411	drama
tt0867464	drama
tt0867464	thriller
tt0867591	comedy
tt0867591	drama
tt0869994	comedy
tt0869994	drama
tt0869994	romance
tt0870072	documentary
tt0870089	drama
tt0870089	romance
tt0870101	drama
tt0870101	family
tt0870101	sport
tt0870111	biography
tt0870111	drama
tt0870111	history
tt0870118	drama
tt0870122	comedy
tt0870122	drama
tt0870154	adventure
tt0870157	drama
tt0870176	comedy
tt0870176	drama
tt0870176	horror
tt0870204	crime
tt0870204	drama
tt0870204	thriller
tt0870208	comedy
tt0870210	documentary
tt0870210	music
tt0870937	horror
tt0870937	thriller
tt0870984	drama
tt0870984	horror
tt0871026	comedy
tt0871026	horror
tt0871426	comedy
tt0871426	romance
tt0871438	drama
tt0871511	comedy
tt0871853	documentary
tt0871857	comedy
tt0871865	horror
tt0871865	mystery
tt0871865	thriller
tt0871891	comedy
tt0871893	drama
tt0872230	horror
tt0872230	mystery
tt0872230	thriller
tt0872245	drama
tt0872249	thriller
tt0872253	action
tt0872253	sci-fi
tt0872253	thriller
tt0872264	action
tt0872264	comedy
tt0873886	action
tt0873886	crime
tt0873886	horror
tt0874268	drama
tt0874268	thriller
tt0874271	crime
tt0874271	drama
tt0874271	thriller
tt0874279	horror
tt0874279	thriller
tt0874317	documentary
tt0874317	sport
tt0874421	documentary
tt0874425	comedy
tt0874426	thriller
tt0874853	horror
tt0875031	drama
tt0875034	drama
tt0875034	musical
tt0875034	romance
tt0875608	comedy
tt0875611	comedy
tt0875612	documentary
tt0875613	horror
tt0875613	thriller
tt0875701	drama
tt0875701	mystery
tt0875701	romance
tt0875702	documentary
tt0875705	crime
tt0875705	drama
tt0876233	drama
tt0876233	romance
tt0876563	adventure
tt0876563	animation
tt0876563	comedy
tt0877700	drama
tt0877700	romance
tt0878649	thriller
tt0878654	thriller
tt0878672	documentary
tt0878700	drama
tt0878709	adventure
tt0878709	drama
tt0878709	family
tt0878804	biography
tt0878804	drama
tt0878804	sport
tt0878814	comedy
tt0878814	romance
tt0878818	drama
tt0878835	comedy
tt0878835	drama
tt0879403	drama
tt0879405	thriller
tt0879859	thriller
tt0879870	drama
tt0879870	romance
tt0880458	comedy
tt0880569	musical
tt0880570	crime
tt0880570	drama
tt0880578	crime
tt0880578	horror
tt0880578	mystery
tt0880648	crime
tt0880648	drama
tt0880648	mystery
tt0881310	documentary
tt0881320	adventure
tt0881320	drama
tt0881320	thriller
tt0881891	comedy
tt0881891	romance
tt0882113	comedy
tt0882741	comedy
tt0882741	musical
tt0882741	romance
tt0882755	comedy
tt0882755	romance
tt0882765	drama
tt0882775	documentary
tt0882780	horror
tt0882789	comedy
tt0882789	drama
tt0882789	romance
tt0882806	crime
tt0882806	drama
tt0882969	comedy
tt0882969	romance
tt0882977	action
tt0882977	drama
tt0882977	thriller
tt0882978	action
tt0882978	drama
tt0882978	history
tt0883398	comedy
tt0883398	horror
tt0883398	thriller
tt0883409	documentary
tt0883410	comedy
tt0884038	drama
tt0884177	romance
tt0884214	horror
tt0884214	thriller
tt0884224	action
tt0884224	comedy
tt0884224	thriller
tt0884227	drama
tt0884227	thriller
tt0884325	horror
tt0884326	comedy
tt0884726	adventure
tt0884726	animation
tt0884726	family
tt0884732	comedy
tt0885398	drama
tt0885398	romance
tt0885398	thriller
tt0885415	adventure
tt0885415	animation
tt0885415	family
tt0886472	action
tt0886472	crime
tt0886472	drama
tt0886476	drama
tt0886531	comedy
tt0886531	drama
tt0886531	romance
tt0886539	drama
tt0887143	horror
tt0887161	comedy
tt0887161	drama
tt0887266	documentary
tt0887710	documentary
tt0887710	music
tt0887751	crime
tt0887751	drama
tt0887751	thriller
tt0887769	action
tt0887769	biography
tt0887769	drama
tt0887883	comedy
tt0887883	crime
tt0887883	drama
tt0887912	drama
tt0887912	thriller
tt0887912	war
tt0887966	comedy
tt0887966	crime
tt0887966	drama
tt0887971	crime
tt0887971	drama
tt0887971	horror
tt0888688	drama
tt0888693	drama
tt0889134	comedy
tt0889134	drama
tt0889145	romance
tt0889146	comedy
tt0889146	drama
tt0889190	action
tt0889573	comedy
tt0889573	drama
tt0889573	romance
tt0889583	comedy
tt0889588	drama
tt0889588	war
tt0889595	drama
tt0889595	romance
tt0891549	drama
tt0891581	documentary
tt0891592	action
tt0891592	crime
tt0891592	thriller
tt0892041	action
tt0892051	horror
tt0892051	mystery
tt0892051	thriller
tt0892060	comedy
tt0892060	drama
tt0892062	animation
tt0892062	comedy
tt0892062	fantasy
tt0892077	fantasy
tt0892082	action
tt0892082	thriller
tt0892094	comedy
tt0892096	comedy
tt0892099	comedy
tt0892109	horror
tt0892255	biography
tt0892255	drama
tt0892255	history
tt0892318	adventure
tt0892318	comedy
tt0892318	drama
tt0892388	documentary
tt0892390	documentary
tt0892391	documentary
tt0892392	action
tt0892392	drama
tt0892392	thriller
tt0892393	drama
tt0892429	family
tt0892437	documentary
tt0892767	crime
tt0892767	drama
tt0892767	mystery
tt0892769	action
tt0892769	adventure
tt0892769	animation
tt0892773	documentary
tt0892782	action
tt0892782	adventure
tt0892782	animation
tt0892791	adventure
tt0892791	animation
tt0892791	comedy
tt0892874	crime
tt0892874	drama
tt0892899	action
tt0892899	horror
tt0892899	sci-fi
tt0892900	comedy
tt0892904	comedy
tt0893310	drama
tt0893310	mystery
tt0893310	thriller
tt0893322	comedy
tt0893325	drama
tt0893367	comedy
tt0893367	sci-fi
tt0893382	biography
tt0893382	documentary
tt0893382	music
tt0893401	crime
tt0893401	drama
tt0893401	thriller
tt0893402	drama
tt0893402	fantasy
tt0893402	sci-fi
tt0893405	horror
tt0893406	action
tt0893406	crime
tt0893406	drama
tt0893411	crime
tt0893411	mystery
tt0893411	thriller
tt0893412	comedy
tt0893412	drama
tt0893412	romance
tt0893532	horror
tt0893532	thriller
tt0893585	crime
tt0893585	drama
tt0893585	family
tt0896031	drama
tt0896031	romance
tt0896529	drama
tt0896529	romance
tt0896533	horror
tt0896533	thriller
tt0896534	horror
tt0896811	comedy
tt0896811	romance
tt0896815	drama
tt0896815	fantasy
tt0896815	horror
tt0896866	crime
tt0896866	documentary
tt0896866	war
tt0896872	action
tt0896872	biography
tt0896872	crime
tt0896923	drama
tt0896923	romance
tt0896927	horror
tt0896927	thriller
tt0897347	drama
tt0897347	horror
tt0897347	mystery
tt0898367	adventure
tt0898367	drama
tt0899106	drama
tt0899106	romance
tt0899128	horror
tt0899128	mystery
tt0899128	thriller
tt0899138	drama
tt0899145	drama
tt0899154	crime
tt0899154	drama
tt0899154	thriller
tt0899164	drama
tt0899191	comedy
tt0899303	biography
tt0899303	drama
tt0900387	drama
tt0900387	romance
tt0900387	war
tt0900924	drama
tt0901476	comedy
tt0901476	romance
tt0901487	action
tt0901487	adventure
tt0901487	western
tt0901494	crime
tt0901494	drama
tt0901504	horror
tt0901504	mystery
tt0901504	thriller
tt0902247	crime
tt0902247	drama
tt0902247	thriller
tt0902256	documentary
tt0902274	horror
tt0902281	thriller
tt0902290	comedy
tt0902290	horror
tt0902312	horror
tt0902312	thriller
tt0902337	drama
tt0902337	thriller
tt0902952	crime
tt0902952	drama
tt0902952	horror
tt0902967	documentary
tt0902982	drama
tt0903036	action
tt0903036	crime
tt0903036	thriller
tt0903132	horror
tt0903132	thriller
tt0903133	comedy
tt0903133	drama
tt0903133	romance
tt0903606	comedy
tt0903606	drama
tt0903624	adventure
tt0903624	family
tt0903624	fantasy
tt0903627	crime
tt0903627	drama
tt0903627	thriller
tt0903631	thriller
tt0903657	biography
tt0903657	drama
tt0903657	music
tt0903660	documentary
tt0903831	family
tt0903885	adventure
tt0903885	fantasy
tt0903943	documentary
tt0904028	comedy
tt0904128	comedy
tt0905372	horror
tt0905372	mystery
tt0905372	sci-fi
tt0906013	crime
tt0906013	thriller
tt0906048	drama
tt0906083	drama
tt0906083	history
tt0906083	romance
tt0906107	documentary
tt0906319	comedy
tt0906327	comedy
tt0906727	drama
tt0906734	drama
tt0906734	horror
tt0906734	thriller
tt0906773	action
tt0906773	drama
tt0906778	biography
tt0906778	drama
tt0906783	drama
tt0907280	documentary
tt0907305	adventure
tt0907305	drama
tt0907305	horror
tt0907678	animation
tt0907678	comedy
tt0907678	fantasy
tt0907681	horror
tt0907731	drama
tt0907731	thriller
tt0907848	drama
tt0907848	romance
tt0907852	drama
tt0907852	mystery
tt0907852	thriller
tt0909808	comedy
tt0909824	romance
tt0909824	thriller
tt0910553	drama
tt0910554	comedy
tt0910554	sci-fi
tt0910555	comedy
tt0910555	drama
tt0910559	drama
tt0910559	romance
tt0910855	drama
tt0910860	drama
tt0910885	comedy
tt0910898	comedy
tt0910904	comedy
tt0910904	crime
tt0910904	horror
tt0910905	crime
tt0910905	drama
tt0910905	mystery
tt0910915	comedy
tt0910915	drama
tt0910915	romance
tt0910926	comedy
tt0910926	romance
tt0910936	action
tt0910936	comedy
tt0910936	crime
tt0910970	adventure
tt0910970	animation
tt0910970	family
tt0910993	action
tt0910993	drama
tt0910993	family
tt0912597	crime
tt0912597	drama
tt0912597	thriller
tt0913354	action
tt0913354	crime
tt0913354	thriller
tt0913405	thriller
tt0913413	comedy
tt0913413	drama
tt0913413	music
tt0913425	drama
tt0913425	romance
tt0913425	thriller
tt0914362	drama
tt0914363	horror
tt0914363	thriller
tt0914366	comedy
tt0914366	drama
tt0914366	music
tt0914373	drama
tt0914373	romance
tt0914380	drama
tt0914380	thriller
tt0914797	comedy
tt0914797	drama
tt0914798	drama
tt0914798	war
tt0914823	action
tt0914823	thriller
tt0914837	crime
tt0914837	drama
tt0914845	comedy
tt0914845	drama
tt0914852	horror
tt0914863	drama
tt0914863	thriller
tt0915453	thriller
tt0915454	thriller
tt0915457	biography
tt0915457	drama
tt0915457	music
tt0915458	family
tt0915458	sport
tt0915460	comedy
tt0915460	horror
tt0915462	documentary
tt0915463	animation
tt0915463	comedy
tt0915463	sci-fi
tt0915473	comedy
tt0915473	drama
tt0915474	documentary
tt0918520	drama
tt0918520	thriller
tt0918529	comedy
tt0918529	drama
tt0918529	romance
tt0918531	drama
tt0918553	drama
tt0918554	horror
tt0918554	sci-fi
tt0918561	action
tt0918561	crime
tt0918561	horror
tt0918575	horror
tt0918575	thriller
tt0918579	drama
tt0918627	comedy
tt0918627	horror
tt0918629	adventure
tt0918629	drama
tt0918630	fantasy
tt0918630	horror
tt0918639	comedy
tt0918639	drama
tt0918639	romance
tt0918927	drama
tt0918927	mystery
tt0918940	action
tt0918940	adventure
tt0918940	drama
tt0920458	action
tt0920458	drama
tt0920458	history
tt0920459	comedy
tt0920459	drama
tt0920459	romance
tt0920460	drama
tt0920460	romance
tt0920460	war
tt0920461	drama
tt0920461	romance
tt0920461	war
tt0920462	drama
tt0920462	thriller
tt0920470	crime
tt0920470	drama
tt0920470	thriller
tt0922395	comedy
tt0922395	drama
tt0922455	drama
tt0922547	horror
tt0922547	thriller
tt0922568	drama
tt0922641	drama
tt0922641	romance
tt0922641	thriller
tt0923600	comedy
tt0923600	drama
tt0923600	horror
tt0923653	action
tt0923653	horror
tt0923653	sci-fi
tt0923683	horror
tt0923771	sport
tt0923873	documentary
tt0923954	drama
tt0923954	mystery
tt0923954	thriller
tt0924129	crime
tt0924129	drama
tt0924134	comedy
tt0924134	drama
tt0924266	comedy
tt0924468	comedy
tt0924468	drama
tt0924510	music
tt0924518	horror
tt0924518	thriller
tt0925245	action
tt0925245	horror
tt0925245	sci-fi
tt0926036	animation
tt0926036	drama
tt0926036	fantasy
tt0926063	comedy
tt0926063	horror
tt0926084	adventure
tt0926084	family
tt0926084	fantasy
tt0926091	comedy
tt0926091	documentary
tt0926129	horror
tt0926129	mystery
tt0926131	drama
tt0926131	history
tt0926132	action
tt0926132	adventure
tt0926132	thriller
tt0926170	drama
tt0926170	family
tt0926200	documentary
tt0926213	drama
tt0926213	musical
tt0926279	documentary
tt0926341	horror
tt0926341	sci-fi
tt0926341	thriller
tt0926380	drama
tt0926759	drama
tt0926762	crime
tt0926762	drama
tt0926762	mystery
tt0926763	action
tt0926763	drama
tt0926763	mystery
tt0926764	drama
tt0926764	sci-fi
tt0928124	biography
tt0928124	drama
tt0928124	sport
tt0928160	action
tt0928160	comedy
tt0928160	drama
tt0928193	mystery
tt0928361	horror
tt0928362	drama
tt0928363	drama
tt0928363	thriller
tt0928375	horror
tt0928375	thriller
tt0929235	documentary
tt0929259	drama
tt0929273	drama
tt0929273	romance
tt0929285	comedy
tt0929412	drama
tt0929412	romance
tt0929425	crime
tt0929425	drama
tt0929441	drama
tt0929618	comedy
tt0929632	drama
tt0929730	action
tt0929730	drama
tt0929730	romance
tt0929742	action
tt0929784	drama
tt0929792	drama
tt0929860	action
tt0929860	comedy
tt0929860	romance
tt0930868	thriller
tt0931285	drama
tt0931353	comedy
tt0932661	history
tt0932661	war
tt0932667	drama
tt0932669	drama
tt0933874	comedy
tt0933874	drama
tt0933876	horror
tt0933876	mystery
tt0933876	thriller
tt0933878	thriller
tt0934446	drama
tt0934446	sci-fi
tt0934840	comedy
tt0934840	drama
tt0934919	documentary
tt0934981	action
tt0934981	crime
tt0934981	drama
tt0935048	crime
tt0935048	drama
tt0935075	drama
tt0935101	drama
tt0936471	comedy
tt0936471	horror
tt0936501	action
tt0936501	crime
tt0936501	thriller
tt0937221	comedy
tt0937225	comedy
tt0937233	drama
tt0937233	horror
tt0937233	thriller
tt0937353	mystery
tt0937353	romance
tt0937373	drama
tt0937373	romance
tt0937374	drama
tt0937378	action
tt0937378	adventure
tt0937378	drama
tt0938283	action
tt0938283	adventure
tt0938283	family
tt0938284	horror
tt0938284	sci-fi
tt0938305	comedy
tt0938305	crime
tt0938305	thriller
tt0938330	horror
tt0938339	drama
tt0938341	drama
tt0938347	horror
tt0938706	drama
tt0938706	mystery
tt0939615	documentary
tt0939634	drama
tt0939639	drama
tt0939639	thriller
tt0940580	drama
tt0940580	mystery
tt0940580	thriller
tt0940584	comedy
tt0940584	drama
tt0940584	family
tt0940620	documentary
tt0940620	music
tt0940656	adventure
tt0940656	animation
tt0940656	family
tt0940657	adventure
tt0940657	animation
tt0940657	family
tt0940662	drama
tt0940662	fantasy
tt0940688	comedy
tt0940688	drama
tt0940709	comedy
tt0940709	family
tt0940709	sci-fi
tt0940723	drama
tt0940723	horror
tt0940723	mystery
tt0940789	adventure
tt0940789	drama
tt0940828	comedy
tt0940828	drama
tt0940858	documentary
tt0942379	action
tt0942379	crime
tt0942379	drama
tt0942385	action
tt0942385	adventure
tt0942385	comedy
tt0942886	comedy
tt0942886	romance
tt0942891	drama
tt0942891	music
tt0942891	romance
tt0942892	horror
tt0942892	thriller
tt0942899	action
tt0942899	horror
tt0942899	sci-fi
tt0942904	horror
tt0942904	thriller
tt0942906	drama
tt0942906	thriller
tt0943234	drama
tt0944080	horror
tt0944080	thriller
tt0944101	comedy
tt0944101	drama
tt0944101	romance
tt0944834	action
tt0944834	adventure
tt0944834	animation
tt0944835	action
tt0944835	mystery
tt0944835	thriller
tt0944849	comedy
tt0944958	comedy
tt0944958	drama
tt0944958	romance
tt0945327	action
tt0945327	adventure
tt0945327	drama
tt0945352	thriller
tt0945513	mystery
tt0945513	romance
tt0945513	sci-fi
tt0945521	comedy
tt0945521	drama
tt0945521	romance
tt0945580	action
tt0945580	adventure
tt0945580	fantasy
tt0945587	horror
tt0947798	drama
tt0947798	thriller
tt0947802	crime
tt0947802	drama
tt0947802	thriller
tt0947810	action
tt0947810	drama
tt0947810	thriller
tt0948470	action
tt0948470	adventure
tt0948470	sci-fi
tt0948530	comedy
tt0948530	drama
tt0948530	romance
tt0948535	drama
tt0948535	music
tt0948535	musical
tt0948544	drama
tt0948544	music
tt0948547	crime
tt0948547	drama
tt0948745	crime
tt0948745	drama
tt0948745	mystery
tt0949731	mystery
tt0949731	sci-fi
tt0949731	thriller
tt0949835	thriller
tt0949872	drama
tt0949875	drama
tt0950605	documentary
tt0950670	comedy
tt0950670	drama
tt0950670	romance
tt0950692	drama
tt0950739	action
tt0950739	adventure
tt0950739	drama
tt0950749	comedy
tt0950749	crime
tt0950749	horror
tt0950753	sci-fi
tt0951216	comedy
tt0951216	crime
tt0951216	thriller
tt0951257	documentary
tt0951259	drama
tt0951259	horror
tt0951259	thriller
tt0951333	action
tt0951333	adventure
tt0951333	animation
tt0951335	horror
tt0951335	thriller
tt0953300	documentary
tt0953369	comedy
tt0953382	adventure
tt0953382	family
tt0953382	fantasy
tt0953394	comedy
tt0953606	drama
tt0954272	comedy
tt0954272	crime
tt0954274	drama
tt0954274	romance
tt0954278	documentary
tt0954333	drama
tt0954542	biography
tt0954542	drama
tt0954542	sport
tt0954544	drama
tt0954544	fantasy
tt0954544	romance
tt0954947	crime
tt0954947	drama
tt0954947	thriller
tt0954965	drama
tt0954981	biography
tt0954981	crime
tt0954981	drama
tt0954990	drama
tt0954990	romance
tt0955306	drama
tt0955306	romance
tt0955308	action
tt0955308	adventure
tt0955308	drama
tt0955321	comedy
tt0955381	comedy
tt0955381	drama
tt0955392	action
tt0955392	horror
tt0955403	drama
tt0955407	drama
tt0955412	romance
tt0956038	drama
tt0956038	romance
tt0956101	documentary
tt0958854	biography
tt0958863	horror
tt0959306	comedy
tt0959306	crime
tt0959306	drama
tt0959329	crime
tt0959329	drama
tt0959329	horror
tt0959337	drama
tt0959337	romance
tt0959381	drama
tt0959556	documentary
tt0960066	fantasy
tt0960066	horror
tt0960066	thriller
tt0960067	drama
tt0960097	comedy
tt0960097	drama
tt0960097	romance
tt0960098	crime
tt0960098	drama
tt0960144	comedy
tt0960707	documentary
tt0960721	comedy
tt0960721	music
tt0960727	drama
tt0960730	documentary
tt0960731	comedy
tt0960731	family
tt0960731	fantasy
tt0960741	thriller
tt0960827	action
tt0960827	comedy
tt0960827	crime
tt0960842	adventure
tt0960842	sci-fi
tt0960855	horror
tt0960864	documentary
tt0960886	drama
tt0960890	comedy
tt0960890	horror
tt0960890	sci-fi
tt0961036	drama
tt0961052	drama
tt0961066	biography
tt0961066	drama
tt0961066	history
tt0961079	documentary
tt0961097	adventure
tt0961097	animation
tt0961097	comedy
tt0961108	drama
tt0961109	documentary
tt0961115	documentary
tt0961721	drama
tt0961721	fantasy
tt0961722	comedy
tt0961722	horror
tt0961722	sci-fi
tt0961725	horror
tt0961728	crime
tt0961728	drama
tt0961728	thriller
tt0961734	thriller
tt0961749	mystery
tt0961750	drama
tt0961750	romance
tt0961755	comedy
tt0962709	drama
tt0962709	history
tt0962710	drama
tt0962711	horror
tt0962711	sci-fi
tt0962711	thriller
tt0962726	comedy
tt0962726	drama
tt0962726	family
tt0962733	documentary
tt0962736	biography
tt0962736	drama
tt0962736	history
tt0962764	drama
tt0963177	comedy
tt0963178	action
tt0963178	crime
tt0963178	drama
tt0963194	horror
tt0963194	musical
tt0963194	sci-fi
tt0963208	comedy
tt0963208	documentary
tt0963208	war
tt0963287	drama
tt0963287	music
tt0963287	romance
tt0963292	crime
tt0963292	documentary
tt0963328	drama
tt0963346	documentary
tt0963738	comedy
tt0963738	drama
tt0963743	comedy
tt0963743	drama
tt0963743	romance
tt0963794	horror
tt0963807	documentary
tt0963878	horror
tt0963878	thriller
tt0963947	horror
tt0963947	thriller
tt0963948	action
tt0963948	drama
tt0963948	horror
tt0963965	crime
tt0963965	thriller
tt0963966	action
tt0963966	adventure
tt0963966	family
tt0964179	drama
tt0964179	music
tt0964179	romance
tt0964185	drama
tt0964516	drama
tt0964517	biography
tt0964517	drama
tt0964517	sport
tt0964529	horror
tt0964529	sci-fi
tt0964529	thriller
tt0964539	crime
tt0964539	horror
tt0964539	thriller
tt0964541	documentary
tt0964541	music
tt0964544	comedy
tt0964586	biography
tt0964586	drama
tt0965371	thriller
tt0965373	drama
tt0965375	action
tt0965375	crime
tt0965375	drama
tt0965400	comedy
tt0965400	romance
tt0965411	drama
tt0965411	thriller
tt0965424	documentary
tt0965425	documentary
tt0965429	comedy
tt0965429	romance
tt0965440	drama
tt0967945	crime
tt0967945	drama
tt0967945	thriller
tt0968264	crime
tt0968264	drama
tt0968264	history
tt0968294	drama
tt0968294	family
tt0968334	animation
tt0968746	documentary
tt0968750	documentary
tt0968760	documentary
tt0968764	drama
tt0968766	romance
tt0969250	comedy
tt0969250	family
tt0969250	fantasy
tt0969292	horror
tt0969299	drama
tt0969307	drama
tt0969313	mystery
tt0969313	thriller
tt0969332	animation
tt0969332	comedy
tt0969332	family
tt0969336	comedy
tt0969345	animation
tt0969345	crime
tt0969345	music
tt0969348	animation
tt0969348	drama
tt0969648	drama
tt0969650	action
tt0969650	adventure
tt0969650	sci-fi
tt0969653	action
tt0969653	mystery
tt0969653	sci-fi
tt0969695	drama
tt0970179	adventure
tt0970179	drama
tt0970179	family
tt0970411	adventure
tt0970411	family
tt0970411	fantasy
tt0970416	drama
tt0970416	sci-fi
tt0970416	thriller
tt0970452	action
tt0970452	adventure
tt0970452	fantasy
tt0970453	fantasy
tt0970453	horror
tt0970453	romance
tt0970462	action
tt0970462	drama
tt0970462	war
tt0970468	comedy
tt0970468	romance
tt0970469	comedy
tt0970469	family
tt0970520	action
tt0970520	comedy
tt0970520	horror
tt0970521	documentary
tt0970866	comedy
tt0970866	romance
tt0970926	comedy
tt0970926	drama
tt0970936	comedy
tt0970955	drama
tt0970955	fantasy
tt0970955	history
tt0970961	comedy
tt0970961	family
tt0970961	fantasy
tt0971209	adventure
tt0971209	mystery
tt0971209	thriller
tt0972378	comedy
tt0972385	drama
tt0972385	romance
tt0972544	drama
tt0972544	thriller
tt0972558	action
tt0972558	adventure
tt0972558	sci-fi
tt0972759	action
tt0972759	comedy
tt0972759	family
tt0972786	thriller
tt0972815	documentary
tt0972816	documentary
tt0972847	documentary
tt0972848	comedy
tt0972855	crime
tt0972855	thriller
tt0972857	action
tt0972857	comedy
tt0972878	action
tt0972878	adventure
tt0972878	crime
tt0972883	drama
tt0972883	horror
tt0972883	thriller
tt0972894	documentary
tt0972905	drama
tt0973784	drama
tt0973784	history
tt0973785	crime
tt0973785	drama
tt0973809	action
tt0973809	horror
tt0973809	thriller
tt0973828	drama
tt0973836	horror
tt0973836	sci-fi
tt0973836	thriller
tt0974005	comedy
tt0974005	drama
tt0974011	comedy
tt0974011	drama
tt0974011	romance
tt0974014	biography
tt0974014	drama
tt0974014	romance
tt0974015	action
tt0974015	adventure
tt0974015	fantasy
tt0974536	horror
tt0974536	mystery
tt0974536	sci-fi
tt0974554	drama
tt0974554	romance
tt0974584	drama
tt0974613	drama
tt0974613	mystery
tt0974613	thriller
tt0974661	comedy
tt0974661	drama
tt0974661	fantasy
tt0974662	animation
tt0974662	family
tt0974662	fantasy
tt0974977	comedy
tt0974977	horror
tt0974980	comedy
tt0974980	drama
tt0974980	mystery
tt0975645	biography
tt0975645	drama
tt0975684	drama
tt0975699	action
tt0975699	adventure
tt0975699	comedy
tt0975720	comedy
tt0975738	action
tt0975738	biography
tt0975738	crime
tt0976036	comedy
tt0976040	drama
tt0976040	mystery
tt0976040	thriller
tt0976051	drama
tt0976051	romance
tt0976060	comedy
tt0976060	drama
tt0976060	fantasy
tt0976222	comedy
tt0976222	drama
tt0976222	family
tt0976227	drama
tt0976238	comedy
tt0976238	family
tt0976246	comedy
tt0976246	crime
tt0976246	drama
tt0976247	comedy
tt0977214	action
tt0977214	crime
tt0977214	drama
tt0977637	action
tt0977637	comedy
tt0977637	crime
tt0977638	documentary
tt0977639	action
tt0977643	drama
tt0977643	musical
tt0977643	romance
tt0977644	comedy
tt0977645	drama
tt0977645	music
tt0977646	comedy
tt0977648	documentary
tt0977648	music
tt0977651	drama
tt0977658	action
tt0977659	romance
tt0977659	thriller
tt0977669	action
tt0977669	horror
tt0977669	sci-fi
tt0977855	biography
tt0977855	drama
tt0977855	thriller
tt0978569	documentary
tt0978759	crime
tt0978759	drama
tt0978762	animation
tt0978762	comedy
tt0978762	drama
tt0978764	action
tt0978764	fantasy
tt0978812	documentary
tt0978825	documentary
tt0979434	comedy
tt0979902	comedy
tt0979902	thriller
tt0979910	mystery
tt0979910	thriller
tt0979942	adventure
tt0979942	animation
tt0979942	fantasy
tt0980970	adventure
tt0980970	family
tt0980970	fantasy
tt0980999	drama
tt0980999	romance
tt0981013	horror
tt0981013	thriller
tt0981042	drama
tt0981072	comedy
tt0981072	drama
tt0981072	war
tt0981224	fantasy
tt0981224	horror
tt0981224	thriller
tt0981227	comedy
tt0981227	drama
tt0981227	music
tt0981286	drama
tt0981352	fantasy
tt0981352	mystery
tt0983190	drama
tt0983190	thriller
tt0983193	action
tt0983193	adventure
tt0983193	animation
tt0983250	horror
tt0983250	thriller
tt0983909	comedy
tt0983909	drama
tt0984039	comedy
tt0984084	crime
tt0984113	drama
tt0984130	comedy
tt0984130	drama
tt0984130	romance
tt0984155	crime
tt0984155	drama
tt0984155	sci-fi
tt0984183	horror
tt0984183	mystery
tt0984183	thriller
tt0984200	drama
tt0984200	romance
tt0984200	thriller
tt0984205	comedy
tt0984210	drama
tt0984220	documentary
tt0984227	drama
tt0984227	romance
tt0984229	horror
tt0984229	sci-fi
tt0985025	fantasy
tt0985025	horror
tt0985025	thriller
tt0985047	action
tt0985047	crime
tt0985047	drama
tt0985049	western
tt0985050	horror
tt0985050	mystery
tt0985050	thriller
tt0985051	drama
tt0985053	comedy
tt0985056	comedy
tt0985056	thriller
tt0985057	comedy
tt0985058	animation
tt0985058	drama
tt0985058	mystery
tt0985060	comedy
tt0985060	horror
tt0985061	documentary
tt0985080	biography
tt0985101	action
tt0985101	comedy
tt0985101	romance
tt0985118	comedy
tt0985118	drama
tt0985593	comedy
tt0985593	romance
tt0985631	drama
tt0985638	drama
tt0985694	action
tt0985694	crime
tt0985694	thriller
tt0985695	comedy
tt0985699	drama
tt0985699	history
tt0985699	thriller
tt0986220	comedy
tt0986220	thriller
tt0986230	comedy
tt0986230	romance
tt0986232	comedy
tt0986233	biography
tt0986233	drama
tt0986240	family
tt0986255	documentary
tt0986263	action
tt0986263	sci-fi
tt0986263	thriller
tt0986267	horror
tt0986271	drama
tt0986271	thriller
tt0986271	western
tt0986341	family
tt0986361	adventure
tt0986361	animation
tt0986361	comedy
tt0988035	drama
tt0988043	comedy
tt0988043	horror
tt0988043	sci-fi
tt0988045	action
tt0988045	adventure
tt0988045	crime
tt0988047	action
tt0988047	crime
tt0988047	drama
tt0988083	comedy
tt0988083	horror
tt0988083	mystery
tt0988086	documentary
tt0988086	drama
tt0988133	drama
tt0988133	horror
tt0988595	comedy
tt0988595	romance
tt0988655	drama
tt0988655	horror
tt0988655	romance
tt0988849	crime
tt0988849	drama
tt0988849	horror
tt0988858	horror
tt0988868	crime
tt0988868	drama
tt0988876	crime
tt0988876	mystery
tt0989007	biography
tt0989007	drama
tt0989710	drama
tt0989757	drama
tt0989757	romance
tt0989757	war
tt0989760	action
tt0989760	drama
tt0989760	fantasy
tt0989765	documentary
tt0990359	action
tt0990359	crime
tt0990359	drama
tt0990363	horror
tt0990363	thriller
tt0990407	action
tt0990407	comedy
tt0990407	crime
tt0990413	drama
tt0990413	sport
tt0991028	drama
tt0991041	drama
tt0991173	comedy
tt0991173	romance
tt0991174	comedy
tt0991174	drama
tt0991174	romance
tt0991177	documentary
tt0991346	comedy
tt0991346	drama
tt0991346	family
tt0991347	crime
tt0991347	drama
tt0991347	mystery
tt0991350	comedy
tt0991351	comedy
tt0991351	drama
tt0991351	war
tt0992915	drama
tt0992915	romance
tt0992915	war
tt0992928	drama
tt0992972	documentary
tt0993744	documentary
tt0993744	music
tt0993753	drama
tt0993753	romance
tt0993753	war
tt0993755	drama
tt0993789	comedy
tt0993789	drama
tt0993790	comedy
tt0993790	music
tt0993841	horror
tt0993841	sci-fi
tt0993841	thriller
tt0993842	action
tt0993842	drama
tt0993842	thriller
tt0993846	biography
tt0993846	comedy
tt0993846	crime
tt0994765	comedy
tt0994765	drama
tt0994917	action
tt0994917	adventure
tt0994917	comedy
tt0995039	comedy
tt0995039	drama
tt0995039	fantasy
tt0995061	documentary
tt0995063	comedy
tt0995712	drama
tt0995728	documentary
tt0995752	action
tt0995752	drama
tt0995752	romance
tt0995757	drama
tt0995757	romance
tt0995757	thriller
tt0995842	family
tt0995845	action
tt0995845	crime
tt0995845	drama
tt0995850	biography
tt0995850	drama
tt0995850	romance
tt0995851	drama
tt0995851	thriller
tt0995857	comedy
tt0995867	drama
tt0995868	biography
tt0995868	drama
tt0995868	sport
tt0996664	comedy
tt0996908	romance
tt0996912	drama
tt0996913	horror
tt0996914	documentary
tt0996925	crime
tt0996925	mystery
tt0996925	thriller
tt0996930	drama
tt0996930	romance
tt0996932	drama
tt0996934	horror
tt0996934	mystery
tt0996934	thriller
tt0996952	drama
tt0996952	family
tt0996956	crime
tt0996956	drama
tt0996956	thriller
tt0996958	action
tt0996958	adventure
tt0996958	fantasy
tt0996962	comedy
tt0996962	musical
tt0996962	romance
tt0996966	documentary
tt0996967	comedy
tt0996967	crime
tt0996967	horror
tt0996972	adventure
tt0996972	family
tt0996976	animation
tt0996979	action
tt0996979	horror
tt0996979	sci-fi
tt0996982	action
tt0996982	adventure
tt0996982	comedy
tt0997035	drama
tt0997038	action
tt0997038	thriller
tt0997047	adventure
tt0997047	comedy
tt0997047	drama
tt0997057	drama
tt0997080	crime
tt0997080	drama
tt0997080	romance
tt0997109	comedy
tt0997141	sci-fi
tt0997141	thriller
tt0997143	horror
tt0997152	drama
tt0997152	thriller
tt0997161	drama
tt0997179	documentary
tt0997179	music
tt0997188	drama
tt0997212	comedy
tt0997212	drama
tt0997232	action
tt0997246	drama
tt0997246	family
tt0997263	comedy
tt0997263	drama
tt0997276	comedy
tt0997276	horror
tt0997280	biography
tt0997280	drama
tt0997434	comedy
tt0997448	crime
tt0997448	drama
tt0997448	mystery
tt0999872	biography
tt0999872	drama
tt0999913	action
tt0999913	drama
tt0999913	thriller
tt0999963	drama
tt0999970	horror
tt0999972	horror
tt0999986	documentary
tt1000083	documentary
tt1000091	comedy
tt1000768	adventure
tt1000768	fantasy
tt1000769	drama
tt1000774	comedy
tt1000774	drama
tt1000774	romance
tt1000775	drama
tt1000775	mystery
tt1001490	drama
tt1001508	comedy
tt1001508	drama
tt1001508	romance
tt1001521	drama
tt1001526	action
tt1001526	animation
tt1001526	comedy
tt1001534	drama
tt1001540	drama
tt1001548	action
tt1001548	thriller
tt1001549	thriller
tt1001562	comedy
tt1001562	crime
tt1002438	documentary
tt1002444	comedy
tt1002444	drama
tt1002444	romance
tt1002536	drama
tt1002539	drama
tt1002561	drama
tt1002561	mystery
tt1002561	thriller
tt1002563	drama
tt1002563	fantasy
tt1002569	drama
tt1002573	documentary
tt1002573	history
tt1002573	music
tt1002741	comedy
tt1002741	drama
tt1002959	comedy
tt1002963	crime
tt1002963	drama
tt1002963	thriller
tt1002964	drama
tt1002965	documentary
tt1002966	comedy
tt1002966	crime
tt1002966	thriller
tt1002974	horror
tt1002978	documentary
tt1002985	crime
tt1002985	drama
tt1002985	mystery
tt1003003	drama
tt1003010	drama
tt1003010	romance
tt1003014	drama
tt1003023	drama
tt1003026	comedy
tt1003027	comedy
tt1003034	action
tt1003034	comedy
tt1003034	crime
tt1003052	thriller
tt1003056	action
tt1003056	crime
tt1003056	thriller
tt1003067	drama
tt1003071	drama
tt1003412	documentary
tt1006855	crime
tt1006855	drama
tt1006855	sport
tt1006901	adventure
tt1006901	comedy
tt1006901	family
tt1006904	drama
tt1006907	horror
tt1006929	drama
tt1006929	fantasy
tt1006929	mystery
tt1007014	documentary
tt1007018	comedy
tt1007018	drama
tt1007021	crime
tt1007021	drama
tt1007021	mystery
tt1007026	crime
tt1007026	documentary
tt1007026	history
tt1007028	comedy
tt1007028	romance
tt1007029	biography
tt1007029	drama
tt1007032	crime
tt1007032	drama
tt1007032	horror
tt1007941	drama
tt1007941	thriller
tt1007950	comedy
tt1007969	drama
tt1008010	crime
tt1008010	drama
tt1008010	thriller
tt1008015	drama
tt1008017	drama
tt1008023	drama
tt1008046	comedy
tt1008046	drama
tt1009017	comedy
tt1009017	sport
tt1009019	drama
tt1010048	drama
tt1010048	romance
tt1010055	action
tt1010055	adventure
tt1010055	comedy
tt1010248	documentary
tt1010264	documentary
tt1010265	crime
tt1010265	drama
tt1010265	thriller
tt1010270	drama
tt1010313	comedy
tt1010313	crime
tt1010412	drama
tt1010418	thriller
tt1010450	comedy
tt1010465	documentary
tt1010468	comedy
tt1012729	drama
tt1012804	drama
tt1012804	sport
tt1013557	drama
tt1013557	mystery
tt1013557	thriller
tt1013607	animation
tt1013607	comedy
tt1013607	drama
tt1013641	comedy
tt1013641	musical
tt1013651	action
tt1013651	drama
tt1013651	western
tt1013743	action
tt1013743	adventure
tt1013743	comedy
tt1013752	action
tt1013752	crime
tt1013752	thriller
tt1013753	biography
tt1013753	drama
tt1013856	drama
tt1013856	romance
tt1013859	drama
tt1013860	action
tt1013860	comedy
tt1013860	crime
tt1014759	adventure
tt1014759	family
tt1014759	fantasy
tt1014762	documentary
tt1014762	drama
tt1014762	family
tt1014763	crime
tt1014763	drama
tt1014763	history
tt1014765	thriller
tt1014766	drama
tt1014766	mystery
tt1014766	thriller
tt1014774	drama
tt1014774	family
tt1014775	adventure
tt1014775	comedy
tt1014775	drama
tt1014794	comedy
tt1014798	horror
tt1014799	documentary
tt1014806	drama
tt1014807	horror
tt1014807	thriller
tt1014808	comedy
tt1014808	drama
tt1014809	documentary
tt1014809	music
tt1015241	documentary
tt1015456	drama
tt1015458	documentary
tt1015458	drama
tt1015460	horror
tt1015460	thriller
tt1015468	drama
tt1015469	documentary
tt1015470	biography
tt1015471	drama
tt1015471	mystery
tt1015471	thriller
tt1015474	horror
tt1015474	thriller
tt1015481	drama
tt1015971	documentary
tt1015976	crime
tt1015976	drama
tt1015976	thriller
tt1015987	horror
tt1016024	sci-fi
tt1016075	comedy
tt1016075	drama
tt1016075	musical
tt1016080	drama
tt1016083	crime
tt1016083	drama
tt1016083	thriller
tt1016090	horror
tt1016090	romance
tt1016090	thriller
tt1016223	drama
tt1016226	comedy
tt1016226	drama
tt1016226	romance
tt1016241	horror
tt1016241	thriller
tt1016317	romance
tt1016321	drama
tt1017428	drama
tt1017430	drama
tt1017437	drama
tt1017442	horror
tt1017442	thriller
tt1017451	biography
tt1017451	drama
tt1017451	music
tt1017456	action
tt1017456	crime
tt1017456	drama
tt1017460	drama
tt1017460	horror
tt1017460	sci-fi
tt1017464	horror
tt1017464	thriller
tt1018671	drama
tt1018728	documentary
tt1018748	documentary
tt1018765	comedy
tt1018765	drama
tt1018785	comedy
tt1018785	drama
tt1018785	romance
tt1018789	adventure
tt1018789	animation
tt1018789	comedy
tt1018818	comedy
tt1018818	crime
tt1018818	mystery
tt1018824	action
tt1018824	thriller
tt1018830	drama
tt1018887	biography
tt1018887	documentary
tt1019439	drama
tt1019442	adventure
tt1019442	comedy
tt1019450	comedy
tt1019450	drama
tt1019452	comedy
tt1019452	drama
tt1019938	adventure
tt1019938	documentary
tt1019966	drama
tt1020011	action
tt1020011	drama
tt1020022	drama
tt1020055	crime
tt1020055	horror
tt1020055	mystery
tt1020072	biography
tt1020072	drama
tt1020072	history
tt1020530	horror
tt1020530	thriller
tt1020543	action
tt1020543	comedy
tt1020543	horror
tt1020558	action
tt1020558	adventure
tt1020558	drama
tt1020559	adventure
tt1020559	drama
tt1020581	drama
tt1020581	mystery
tt1020581	romance
tt1020773	drama
tt1020773	romance
tt1020874	action
tt1020874	fantasy
tt1020874	horror
tt1020885	action
tt1020885	comedy
tt1020885	fantasy
tt1020904	documentary
tt1020904	sport
tt1020932	drama
tt1020933	history
tt1020938	documentary
tt1020950	drama
tt1020951	drama
tt1020955	comedy
tt1020955	romance
tt1020961	drama
tt1020979	comedy
tt1020979	crime
tt1020979	drama
tt1020982	comedy
tt1022603	comedy
tt1022603	drama
tt1022603	romance
tt1022606	crime
tt1022606	drama
tt1022871	thriller
tt1022877	comedy
tt1022880	drama
tt1022883	action
tt1022883	horror
tt1022883	thriller
tt1022884	drama
tt1022885	drama
tt1022885	thriller
tt1022887	comedy
tt1022887	drama
tt1022887	romance
tt1023111	action
tt1023111	drama
tt1023111	sport
tt1023114	adventure
tt1023114	drama
tt1023114	history
tt1023119	drama
tt1023136	documentary
tt1023336	comedy
tt1023339	crime
tt1023342	drama
tt1023344	thriller
tt1023345	documentary
tt1023346	comedy
tt1023346	drama
tt1023441	drama
tt1023441	music
tt1023441	romance
tt1023481	drama
tt1023481	music
tt1023481	romance
tt1023490	biography
tt1023490	drama
tt1023500	comedy
tt1023500	horror
tt1023500	sci-fi
tt1023505	comedy
tt1024219	action
tt1024219	drama
tt1024232	history
tt1024232	horror
tt1024232	thriller
tt1024255	comedy
tt1024255	drama
tt1024255	romance
tt1024648	biography
tt1024648	drama
tt1024648	thriller
tt1024666	drama
tt1024715	comedy
tt1024715	drama
tt1024733	comedy
tt1024733	drama
tt1024744	thriller
tt1024746	drama
tt1024746	family
tt1024770	comedy
tt1024820	comedy
tt1024820	drama
tt1024820	romance
tt1024839	comedy
tt1024839	drama
tt1024839	romance
tt1024852	comedy
tt1024852	drama
tt1024852	romance
tt1024855	action
tt1024855	thriller
tt1024876	drama
tt1024882	drama
tt1024903	drama
tt1024906	romance
tt1025100	action
tt1025100	drama
tt1025100	sci-fi
tt1025102	crime
tt1027008	comedy
tt1027022	sci-fi
tt1027091	documentary
tt1027174	documentary
tt1027187	documentary
tt1027198	horror
tt1027658	comedy
tt1027683	action
tt1027683	crime
tt1027683	thriller
tt1027718	drama
tt1027729	crime
tt1027729	drama
tt1027729	romance
tt1027747	action
tt1027747	crime
tt1027747	drama
tt1027755	drama
tt1027755	horror
tt1027755	mystery
tt1027760	comedy
tt1027760	drama
tt1027812	horror
tt1027812	thriller
tt1027820	horror
tt1027820	thriller
tt1027862	comedy
tt1027862	drama
tt1027873	comedy
tt1027873	drama
tt1027873	sport
tt1028532	drama
tt1028532	family
tt1028576	biography
tt1028576	drama
tt1028576	family
tt1028581	drama
tt1028581	romance
tt1028583	documentary
tt1029095	drama
tt1029095	thriller
tt1029120	comedy
tt1029120	drama
tt1029123	drama
tt1029134	comedy
tt1029134	drama
tt1029137	drama
tt1029139	drama
tt1029227	drama
tt1029227	romance
tt1029231	action
tt1029231	adventure
tt1029231	sci-fi
tt1029234	horror
tt1029235	action
tt1029235	biography
tt1029235	drama
tt1029241	drama
tt1029241	horror
tt1029241	thriller
tt1029269	comedy
tt1029269	drama
tt1029285	drama
tt1029291	documentary
tt1029342	comedy
tt1029360	horror
tt1029360	thriller
tt1029385	comedy
tt1031212	drama
tt1031218	comedy
tt1031218	drama
tt1031218	romance
tt1031224	comedy
tt1031224	drama
tt1031225	documentary
tt1031237	drama
tt1031241	adventure
tt1031241	drama
tt1031241	fantasy
tt1031243	drama
tt1031243	thriller
tt1031280	horror
tt1031280	sci-fi
tt1031280	thriller
tt1031282	action
tt1031282	crime
tt1031288	comedy
tt1031288	drama
tt1031288	sci-fi
tt1031290	drama
tt1031562	comedy
tt1031576	comedy
tt1031606	comedy
tt1031607	crime
tt1031607	drama
tt1031607	thriller
tt1031658	drama
tt1031660	drama
tt1031684	thriller
tt1031969	comedy
tt1031969	music
tt1032746	drama
tt1032746	family
tt1032747	drama
tt1032747	romance
tt1032747	thriller
tt1032749	horror
tt1032751	action
tt1032751	fantasy
tt1032751	western
tt1032755	action
tt1032755	crime
tt1032755	thriller
tt1032758	comedy
tt1032758	horror
tt1032758	mystery
tt1032763	drama
tt1032763	mystery
tt1032764	romance
tt1032764	thriller
tt1032815	comedy
tt1032815	romance
tt1032817	comedy
tt1032817	drama
tt1032817	romance
tt1032819	drama
tt1032821	biography
tt1032821	documentary
tt1032821	sport
tt1032825	drama
tt1033466	documentary
tt1033468	comedy
tt1033468	horror
tt1033483	crime
tt1033483	fantasy
tt1033483	horror
tt1033575	comedy
tt1033575	drama
tt1033595	documentary
tt1033643	comedy
tt1033643	romance
tt1034010	comedy
tt1034010	horror
tt1034032	action
tt1034032	sci-fi
tt1034032	thriller
tt1034065	documentary
tt1034072	drama
tt1034072	thriller
tt1034090	comedy
tt1034293	comedy
tt1034293	drama
tt1034293	romance
tt1034302	drama
tt1034302	thriller
tt1034303	action
tt1034303	drama
tt1034303	history
tt1034305	horror
tt1034306	drama
tt1034306	horror
tt1034306	mystery
tt1034314	action
tt1034314	comedy
tt1034314	sci-fi
tt1034320	adventure
tt1034320	comedy
tt1034320	drama
tt1034324	drama
tt1034324	sport
tt1034325	drama
tt1034331	crime
tt1034331	drama
tt1034331	mystery
tt1034385	adventure
tt1034385	horror
tt1034385	sci-fi
tt1034389	action
tt1034389	adventure
tt1034389	drama
tt1034394	mystery
tt1034397	action
tt1034397	crime
tt1034397	thriller
tt1034415	fantasy
tt1034415	horror
tt1034415	mystery
tt1034419	biography
tt1034419	drama
tt1034431	action
tt1034436	drama
tt1034436	history
tt1034436	romance
tt1034449	action
tt1034449	drama
tt1034449	thriller
tt1035422	drama
tt1035729	comedy
tt1035729	drama
tt1035730	biography
tt1035730	drama
tt1035730	history
tt1035732	drama
tt1035732	romance
tt1035733	comedy
tt1035733	drama
tt1035736	biography
tt1035736	drama
tt1037004	drama
tt1037004	romance
tt1037004	war
tt1037015	drama
tt1037033	comedy
tt1037033	documentary
tt1037035	drama
tt1037090	comedy
tt1037090	drama
tt1037090	romance
tt1037124	sci-fi
tt1037133	action
tt1037146	comedy
tt1037146	romance
tt1037154	action
tt1037154	drama
tt1037154	sci-fi
tt1037156	adventure
tt1037156	crime
tt1037156	drama
tt1037163	drama
tt1037163	history
tt1037168	thriller
tt1037178	horror
tt1037180	thriller
tt1037218	drama
tt1037222	adventure
tt1037222	drama
tt1037222	family
tt1037223	drama
tt1037227	comedy
tt1037227	drama
tt1037228	drama
tt1037228	romance
tt1037229	action
tt1037229	horror
tt1037230	crime
tt1037230	drama
tt1037230	thriller
tt1037253	drama
tt1037705	action
tt1037705	adventure
tt1037705	drama
tt1038011	horror
tt1038011	thriller
tt1038043	drama
tt1038043	romance
tt1038045	biography
tt1038045	comedy
tt1038142	comedy
tt1038142	romance
tt1038680	thriller
tt1038684	drama
tt1038684	war
tt1038685	action
tt1038685	sci-fi
tt1038685	thriller
tt1038686	action
tt1038686	fantasy
tt1038686	horror
tt1038688	documentary
tt1038693	comedy
tt1038693	drama
tt1038903	drama
tt1038913	documentary
tt1038916	drama
tt1038916	horror
tt1038916	mystery
tt1038919	action
tt1038919	comedy
tt1038919	romance
tt1038971	comedy
tt1038971	crime
tt1038971	horror
tt1039613	drama
tt1039613	thriller
tt1039614	drama
tt1039614	thriller
tt1039614	war
tt1039638	documentary
tt1039638	music
tt1039651	adventure
tt1039651	animation
tt1039651	family
tt1039782	documentary
tt1039782	drama
tt1039782	family
tt1039786	comedy
tt1039786	drama
tt1039790	drama
tt1039889	comedy
tt1039889	crime
tt1039891	comedy
tt1039903	comedy
tt1039914	drama
tt1039949	crime
tt1039949	drama
tt1039949	mystery
tt1039985	horror
tt1039989	action
tt1039989	comedy
tt1039989	mystery
tt1039995	drama
tt1039995	romance
tt1040036	documentary
tt1040036	history
tt1040036	war
tt1041659	documentary
tt1041753	comedy
tt1041778	comedy
tt1041778	drama
tt1041778	mystery
tt1041804	action
tt1041804	family
tt1041804	fantasy
tt1041829	comedy
tt1041829	drama
tt1041829	romance
tt1042424	drama
tt1042424	war
tt1042497	thriller
tt1042499	comedy
tt1042499	drama
tt1042499	music
tt1042503	horror
tt1042542	documentary
tt1042570	action
tt1042570	crime
tt1042570	mystery
tt1042877	biography
tt1042877	drama
tt1042877	music
tt1042916	action
tt1042916	adventure
tt1042916	animation
tt1042974	drama
tt1043420	drama
tt1043420	history
tt1043451	comedy
tt1043451	drama
tt1043490	drama
tt1043532	drama
tt1043532	romance
tt1043537	comedy
tt1043537	family
tt1043537	musical
tt1043565	drama
tt1043565	romance
tt1043582	documentary
tt1043635	action
tt1043635	sport
tt1043635	thriller
tt1043695	action
tt1043695	crime
tt1043695	drama
tt1043696	drama
tt1043696	western
tt1043719	sci-fi
tt1043720	drama
tt1043726	action
tt1043726	adventure
tt1043726	fantasy
tt1043748	animation
tt1043748	family
tt1043749	drama
tt1043753	documentary
tt1043756	romance
tt1043756	thriller
tt1043757	comedy
tt1043787	drama
tt1043800	drama
tt1043800	sci-fi
tt1043800	thriller
tt1043838	action
tt1043838	drama
tt1043838	mystery
tt1043841	comedy
tt1043841	romance
tt1043844	action
tt1043844	crime
tt1043844	sci-fi
tt1043845	documentary
tt1043852	animation
tt1043852	comedy
tt1043853	drama
tt1043860	drama
tt1043860	romance
tt1043860	sport
tt1043862	crime
tt1043862	drama
tt1043869	drama
tt1043876	drama
tt1043876	mystery
tt1043876	thriller
tt1045062	drama
tt1045593	drama
tt1045642	documentary
tt1045655	drama
tt1045655	horror
tt1045655	thriller
tt1045658	comedy
tt1045658	drama
tt1045658	romance
tt1045670	comedy
tt1045670	drama
tt1045670	romance
tt1045673	action
tt1045673	adventure
tt1045673	sci-fi
tt1045766	crime
tt1045766	drama
tt1045766	thriller
tt1045772	biography
tt1045772	comedy
tt1045772	crime
tt1045778	adventure
tt1045778	comedy
tt1045885	biography
tt1045885	documentary
tt1045885	music
tt1045893	comedy
tt1046163	comedy
tt1046163	romance
tt1046171	drama
tt1046171	romance
tt1046173	action
tt1046173	adventure
tt1046173	sci-fi
tt1046174	horror
tt1046174	mystery
tt1046174	thriller
tt1046237	documentary
tt1046237	sport
tt1046239	thriller
tt1046897	drama
tt1046936	drama
tt1046936	horror
tt1046936	thriller
tt1046947	drama
tt1046947	romance
tt1046957	drama
tt1046997	action
tt1046997	drama
tt1046997	war
tt1047011	comedy
tt1047011	drama
tt1047011	music
tt1047102	comedy
tt1047439	comedy
tt1047439	romance
tt1047445	action
tt1047445	drama
tt1047445	thriller
tt1047449	drama
tt1047449	horror
tt1047450	documentary
tt1047477	documentary
tt1047488	comedy
tt1047490	comedy
tt1047490	horror
tt1047490	musical
tt1047494	comedy
tt1047494	drama
tt1047494	romance
tt1047497	comedy
tt1047514	drama
tt1047540	comedy
tt1047540	family
tt1047832	crime
tt1047832	drama
tt1047832	thriller
tt1047850	documentary
tt1047850	war
tt1047870	comedy
tt1047884	drama
tt1048144	comedy
tt1048147	drama
tt1048150	drama
tt1048154	documentary
tt1048154	drama
tt1048154	history
tt1048160	drama
tt1048171	biography
tt1048171	drama
tt1049395	biography
tt1049395	documentary
tt1049395	drama
tt1049400	documentary
tt1049401	documentary
tt1049402	biography
tt1049402	drama
tt1049402	romance
tt1049403	drama
tt1049403	thriller
tt1049405	comedy
tt1049405	drama
tt1049405	romance
tt1049406	animation
tt1049406	biography
tt1049407	comedy
tt1049409	comedy
tt1049410	horror
tt1049412	documentary
tt1049412	drama
tt1049412	sci-fi
tt1049413	adventure
tt1049413	animation
tt1049413	comedy
tt1049415	documentary
tt1049946	comedy
tt1049946	drama
tt1049948	comedy
tt1049948	musical
tt1049953	documentary
tt1049956	crime
tt1049956	drama
tt1049956	mystery
tt1050001	horror
tt1050002	comedy
tt1050121	drama
tt1050160	action
tt1050160	comedy
tt1050160	horror
tt1050333	comedy
tt1050333	drama
tt1050694	drama
tt1050694	history
tt1050700	horror
tt1050739	adventure
tt1050739	animation
tt1050739	comedy
tt1051226	comedy
tt1051226	horror
tt1051229	drama
tt1051238	documentary
tt1051241	comedy
tt1051253	horror
tt1051262	drama
tt1051262	thriller
tt1051267	drama
tt1051329	comedy
tt1051340	drama
tt1051340	music
tt1051704	horror
tt1051715	drama
tt1051722	drama
tt1051904	adventure
tt1051904	comedy
tt1051904	family
tt1051909	adventure
tt1051909	drama
tt1051920	biography
tt1051920	drama
tt1051920	history
tt1051981	comedy
tt1051981	romance
tt1052027	comedy
tt1052027	thriller
tt1052040	horror
tt1052040	thriller
tt1052342	comedy
tt1052342	romance
tt1052344	comedy
tt1052348	drama
tt1052351	crime
tt1052351	mystery
tt1052353	biography
tt1052354	comedy
tt1052354	drama
tt1053424	action
tt1053424	crime
tt1053424	sci-fi
tt1053793	drama
tt1053810	comedy
tt1053822	drama
tt1053825	drama
tt1053835	drama
tt1053844	fantasy
tt1053857	action
tt1053859	horror
tt1053859	mystery
tt1053859	thriller
tt1053880	comedy
tt1053880	crime
tt1053880	drama
tt1053902	documentary
tt1053926	family
tt1053940	documentary
tt1053946	biography
tt1053946	drama
tt1053951	biography
tt1053951	documentary
tt1053951	romance
tt1054110	drama
tt1054112	horror
tt1054112	mystery
tt1054112	thriller
tt1054113	thriller
tt1054115	horror
tt1054116	comedy
tt1054116	crime
tt1054116	drama
tt1054118	documentary
tt1054119	thriller
tt1054122	action
tt1054122	drama
tt1054122	history
tt1054509	comedy
tt1054515	comedy
tt1054515	drama
tt1054515	romance
tt1054580	biography
tt1054580	drama
tt1054588	biography
tt1054588	drama
tt1054606	adventure
tt1054606	comedy
tt1054606	fantasy
tt1054631	comedy
tt1054674	drama
tt1054677	comedy
tt1054677	drama
tt1054678	drama
tt1055292	comedy
tt1055292	drama
tt1055292	romance
tt1055300	action
tt1055300	drama
tt1055300	fantasy
tt1055362	documentary
tt1055362	music
tt1055363	fantasy
tt1055363	horror
tt1055367	comedy
tt1055367	drama
tt1055367	romance
tt1055368	comedy
tt1055368	drama
tt1055368	romance
tt1055369	action
tt1055369	adventure
tt1055369	sci-fi
tt1056036	horror
tt1056036	thriller
tt1056067	drama
tt1056107	drama
tt1056107	horror
tt1056110	comedy
tt1056117	documentary
tt1056117	music
tt1056117	musical
tt1056231	drama
tt1056411	crime
tt1056411	drama
tt1056411	thriller
tt1056416	comedy
tt1056416	horror
tt1056419	drama
tt1056432	comedy
tt1056433	comedy
tt1056435	comedy
tt1056435	drama
tt1056435	family
tt1056437	adventure
tt1056437	animation
tt1056437	drama
tt1056441	comedy
tt1056441	drama
tt1056441	romance
tt1056444	comedy
tt1056444	horror
tt1056463	comedy
tt1056463	music
tt1056465	drama
tt1056465	musical
tt1056467	horror
tt1056467	sci-fi
tt1056467	thriller
tt1056468	drama
tt1056477	drama
tt1057500	biography
tt1057500	drama
tt1057500	history
tt1057505	crime
tt1057505	drama
tt1057505	thriller
tt1057535	documentary
tt1057572	comedy
tt1057572	horror
tt1057574	comedy
tt1057576	horror
tt1057581	comedy
tt1057581	drama
tt1057607	drama
tt1057607	romance
tt1058017	comedy
tt1058017	fantasy
tt1058017	romance
tt1058058	documentary
tt1058519	family
tt1058519	sport
tt1058569	documentary
tt1058579	action
tt1058579	adventure
tt1058579	family
tt1058601	drama
tt1058604	drama
tt1058608	documentary
tt1058743	comedy
tt1058781	adventure
tt1058781	animation
tt1058781	comedy
tt1059233	drama
tt1059263	drama
tt1059314	adventure
tt1059315	horror
tt1059316	documentary
tt1059317	comedy
tt1059773	comedy
tt1059773	fantasy
tt1059786	action
tt1059786	mystery
tt1059786	thriller
tt1059790	crime
tt1059790	thriller
tt1059832	documentary
tt1059832	war
tt1059836	action
tt1059836	crime
tt1059836	thriller
tt1059887	action
tt1059887	comedy
tt1059925	drama
tt1059925	romance
tt1059969	comedy
tt1059969	drama
tt1059980	comedy
tt1059980	family
tt1059980	sport
tt1060234	drama
tt1060234	thriller
tt1060235	comedy
tt1060240	mystery
tt1060240	thriller
tt1060243	drama
tt1060244	drama
tt1060249	action
tt1060249	adventure
tt1060249	drama
tt1060255	crime
tt1060255	thriller
tt1060256	action
tt1060256	crime
tt1060256	drama
tt1060269	action
tt1060269	drama
tt1060269	thriller
tt1060273	drama
tt1060273	music
tt1060277	action
tt1060277	horror
tt1060277	sci-fi
tt1062381	animation
tt1062964	animation
tt1062964	biography
tt1062964	comedy
tt1063056	horror
tt1063056	mystery
tt1063056	thriller
tt1063103	horror
tt1063111	drama
tt1063327	action
tt1063327	drama
tt1063338	thriller
tt1063669	drama
tt1063669	thriller
tt1064221	drama
tt1064744	horror
tt1064744	thriller
tt1064801	action
tt1064801	horror
tt1064801	thriller
tt1064861	comedy
tt1064861	drama
tt1064861	war
tt1064926	drama
tt1064928	comedy
tt1064928	drama
tt1064932	comedy
tt1064932	romance
tt1064933	documentary
tt1064942	drama
tt1064943	crime
tt1064943	mystery
tt1064943	thriller
tt1064947	documentary
tt1064953	horror
tt1064960	drama
tt1064960	history
tt1064964	comedy
tt1064964	crime
tt1064972	drama
tt1064976	comedy
tt1064977	drama
tt1064980	crime
tt1064980	drama
tt1064980	mystery
tt1065060	horror
tt1065060	thriller
tt1065073	drama
tt1065086	documentary
tt1065093	drama
tt1065107	crime
tt1065107	drama
tt1065113	drama
tt1065118	crime
tt1065118	drama
tt1065120	documentary
tt1065124	drama
tt1065290	comedy
tt1065290	drama
tt1065297	drama
tt1065300	comedy
tt1065300	family
tt1065318	drama
tt1065327	adventure
tt1065327	documentary
tt1065330	comedy
tt1065330	drama
tt1065330	sport
tt1065331	comedy
tt1065332	comedy
tt1065332	drama
tt1065444	drama
tt1065444	romance
tt1066327	comedy
tt1067062	drama
tt1067062	horror
tt1067068	crime
tt1067068	drama
tt1067068	thriller
tt1067071	horror
tt1067084	comedy
tt1067086	comedy
tt1067086	drama
tt1067086	fantasy
tt1067090	comedy
tt1067090	horror
tt1067090	musical
tt1067104	drama
tt1067104	thriller
tt1067105	documentary
tt1067106	animation
tt1067106	drama
tt1067106	family
tt1067107	comedy
tt1067133	drama
tt1067583	drama
tt1067583	romance
tt1067733	comedy
tt1067733	drama
tt1067733	romance
tt1067765	comedy
tt1067765	drama
tt1067773	action
tt1067773	adventure
tt1067773	horror
tt1067774	adventure
tt1067774	comedy
tt1067774	family
tt1067777	documentary
tt1067777	horror
tt1067777	thriller
tt1068242	comedy
tt1068242	drama
tt1068242	music
tt1068278	romance
tt1068632	comedy
tt1068632	musical
tt1068641	crime
tt1068641	drama
tt1068641	romance
tt1068646	drama
tt1068649	drama
tt1068651	documentary
tt1068652	drama
tt1068658	drama
tt1068658	romance
tt1068669	biography
tt1068669	drama
tt1068669	music
tt1068672	fantasy
tt1068672	mystery
tt1068672	romance
tt1068674	crime
tt1068674	drama
tt1068676	comedy
tt1068676	crime
tt1068678	drama
tt1068678	romance
tt1068680	comedy
tt1068680	romance
tt1068780	comedy
tt1068780	crime
tt1068941	drama
tt1068941	sci-fi
tt1068953	horror
tt1068953	thriller
tt1068961	horror
tt1068962	comedy
tt1068962	drama
tt1069226	drama
tt1069235	comedy
tt1069235	romance
tt1069238	drama
tt1069238	music
tt1069245	drama
tt1069246	comedy
tt1069246	romance
tt1069264	action
tt1069264	adventure
tt1069266	drama
tt1069270	drama
tt1070781	comedy
tt1070858	drama
tt1070886	horror
tt1070886	thriller
tt1070887	crime
tt1070887	drama
tt1070887	romance
tt1071201	thriller
tt1071202	comedy
tt1071203	crime
tt1071203	drama
tt1071203	horror
tt1071211	comedy
tt1071211	romance
tt1071214	drama
tt1071215	drama
tt1071223	drama
tt1071223	horror
tt1071223	thriller
tt1071228	crime
tt1071228	drama
tt1071332	drama
tt1071783	drama
tt1071783	thriller
tt1071800	action
tt1071800	comedy
tt1071800	crime
tt1071804	action
tt1071804	drama
tt1071804	fantasy
tt1071807	biography
tt1071807	documentary
tt1071807	music
tt1071808	thriller
tt1071809	action
tt1071809	animation
tt1071809	fantasy
tt1071812	biography
tt1071812	drama
tt1071812	music
tt1071821	drama
tt1071821	music
tt1071872	horror
tt1071875	action
tt1071875	fantasy
tt1071875	thriller
tt1071876	horror
tt1071876	thriller
tt1071877	comedy
tt1071877	romance
tt1071880	action
tt1071880	crime
tt1071880	drama
tt1071927	documentary
tt1071927	drama
tt1072423	comedy
tt1072436	drama
tt1072437	drama
tt1072438	drama
tt1072438	romance
tt1072748	biography
tt1072748	fantasy
tt1072748	horror
tt1072753	comedy
tt1072754	mystery
tt1072754	thriller
tt1072756	documentary
tt1072759	documentary
tt1072759	music
tt1073105	adventure
tt1073105	horror
tt1073105	thriller
tt1073240	horror
tt1073241	crime
tt1073241	drama
tt1073241	mystery
tt1073246	comedy
tt1073246	romance
tt1073482	action
tt1073482	horror
tt1073498	comedy
tt1073519	drama
tt1073520	drama
tt1073535	drama
tt1073535	romance
tt1073624	biography
tt1073624	drama
tt1073654	comedy
tt1073655	comedy
tt1073659	drama
tt1073660	drama
tt1073666	drama
tt1073669	comedy
tt1073669	musical
tt1073671	comedy
tt1073673	crime
tt1074190	drama
tt1074191	crime
tt1074191	drama
tt1074191	mystery
tt1074194	documentary
tt1074213	romance
tt1074214	comedy
tt1074215	comedy
tt1074638	action
tt1074638	adventure
tt1074638	thriller
tt1074641	thriller
tt1074643	drama
tt1074643	thriller
tt1074648	musical
tt1074648	romance
tt1074652	documentary
tt1074654	crime
tt1074654	drama
tt1074929	drama
tt1074929	romance
tt1075109	drama
tt1075110	comedy
tt1075110	drama
tt1075111	comedy
tt1075113	drama
tt1075113	horror
tt1075113	mystery
tt1075114	comedy
tt1075114	drama
tt1075114	romance
tt1075115	comedy
tt1075116	drama
tt1075116	romance
tt1075116	sport
tt1075417	action
tt1075417	adventure
tt1075417	family
tt1075419	action
tt1075419	crime
tt1075419	drama
tt1075642	action
tt1075642	crime
tt1075642	horror
tt1075644	drama
tt1075747	action
tt1075747	drama
tt1075747	fantasy
tt1075748	comedy
tt1075748	drama
tt1075749	comedy
tt1075749	horror
tt1076250	drama
tt1076250	romance
tt1076778	drama
tt1076796	comedy
tt1076797	fantasy
tt1077026	comedy
tt1077074	action
tt1077074	drama
tt1077076	drama
tt1077084	horror
tt1077084	thriller
tt1077085	action
tt1077085	crime
tt1077085	thriller
tt1077089	comedy
tt1077094	drama
tt1077097	comedy
tt1077234	drama
tt1077251	drama
tt1077251	thriller
tt1077252	comedy
tt1077252	crime
tt1077252	drama
tt1077255	comedy
tt1077262	crime
tt1077262	drama
tt1077368	comedy
tt1077368	fantasy
tt1077368	horror
tt1078276	comedy
tt1078577	comedy
tt1078582	drama
tt1078583	action
tt1078583	crime
tt1078583	drama
tt1078585	comedy
tt1078585	horror
tt1078588	drama
tt1078588	family
tt1078591	comedy
tt1078591	drama
tt1078591	mystery
tt1078597	action
tt1078597	horror
tt1078597	thriller
tt1078600	crime
tt1078600	drama
tt1078600	thriller
tt1078603	documentary
tt1078882	action
tt1078882	comedy
tt1078882	family
tt1078885	comedy
tt1078890	documentary
tt1078891	documentary
tt1078895	drama
tt1078896	horror
tt1078896	thriller
tt1078897	horror
tt1078897	thriller
tt1078904	comedy
tt1078904	drama
tt1078912	adventure
tt1078912	comedy
tt1078912	family
tt1078917	western
tt1078933	comedy
tt1078933	horror
tt1078940	comedy
tt1079360	action
tt1079360	crime
tt1079360	mystery
tt1079372	action
tt1079372	adventure
tt1079372	fantasy
tt1079447	comedy
tt1079956	documentary
tt1079956	music
tt1079964	drama
tt1079967	comedy
tt1079967	drama
tt1079968	adventure
tt1079968	comedy
tt1079968	family
tt1079972	comedy
tt1079972	drama
tt1079974	comedy
tt1079974	drama
tt1079980	drama
tt1079980	romance
tt1079980	war
tt1080012	comedy
tt1080012	drama
tt1080012	romance
tt1080016	action
tt1080016	adventure
tt1080016	animation
tt1080018	documentary
tt1080019	action
tt1080019	comedy
tt1080019	crime
tt1080716	drama
tt1080813	romance
tt1080857	drama
tt1080882	comedy
tt1080930	comedy
tt1080930	romance
