id	name	release_year
572	Na Boca da Noite	2016
177	The Other Side of the Wind	2018
118	Chief Zabu	2016
405	Deadly Manor	2018
28	The Wandering Soap Opera	2017
271	Bigfoot	2017
500	Joe Finds Grace	2017
124	O Silêncio	2012
389	Nema aviona za Zagreb	2012
686	Pál Adrienn	2010
562	So Much for Justice!	2010
683	Cooper and Hemingway: The True Gen	2013
214	Children of the Green Dragon	2010
377	T.G.M. - osvoboditel	2018
32	The Tragedy of Man	2011
549	Bande de cons!	2018
470	Os Monstros de Babaloo	2016
601	The Final Journey	2010
358	Los pájaros se van con la muerte	2011
34	Foodfight!	2012
651	Return to Babylon	2013
355	In Memoriam Alfons Vranckx	2018
538	Seven Jews from My Class	2018
106	To Chase a Million	2018
509	Short Time Heroes	2015
290	Life's a Beach	2012
638	Dark Blood	2012
710	Snowblind	2015
465	Lives No Longer Ours	2011
443	Quantum Quest: A Cassini Space Odyssey	2010
160	Wazir	2016
556	The Wicker Tree	2011
472	In My Sleep	2010
483	Rice Girl	2014
566	This Wretched Life	2010
656	Bunyan and Babe	2017
492	On the Road	2012
633	Blind Sided	2010
521	Chatô - The King of Brazil	2015
479	The Evil Within	2017
353	Transeúntes	2015
608	The Secret Life of Walter Mitty	2013
466	Fahrenheit 451	2018
395	Aman Ke Farishtey	2016
439	Nappily Ever After	2018
393	A Walk Among the Tombstones	2014
644	Boy with a Movie Camera	2017
64	The Promise of Perfume	2017
242	Jurassic World	2015
195	Spy	2011
104	The Rum Diary	2011
390	American Pastoral	2016
568	Gnomeo & Juliet	2011
15	The Payback Man	2010
636	Cloud Cuckoo Land	2012
161	The Three Stooges	2012
431	Motherless Brooklyn	2019
267	Anderson's Cross	2010
136	Den milde smerte	2010
375	Tangled	2010
211	The Connecticut Kid	2011
338	John Carter	2012
455	Capture the Flag	2010
6	Burnt by the Sun 2	2010
36	Action Jackson	2014
525	Gambit	2012
513	Bubbles	2011
704	Seven Fallen Objects	2011
318	In Secret	2013
381	Cowboys & Aliens	2011
494	Tekken	2010
532	Asleep in the Sun	2010
325	Hempsters: Plant the Seed	2010
57	Disconnect	2010
369	The Stanford Prison Experiment	2015
522	Venus & Vegas	2010
240	The Ninth Cloud	2014
71	El borde del tiempo	2011
543	Beisbol	2010
433	Pots and Pans	2012
263	Dinner for Schmucks	2010
493	Masters of the Universe	2019
693	A Million Little Pieces	2018
18	The A-Team	2010
262	The Rescuer	2011
313	The Possession	2012
343	The Queen of Sheba Meets the Atom Man	2018
637	Real Steel	2011
254	Satin	2011
486	Caleuche: El llamado del Mar	2012
336	L'apocalisse delle scimmie	2012
328	The Giver	2014
560	Toy Story 3	2010
50	Project x27	2010
186	Alita: Battle Angel	2019
135	Cargo, les hommes perdus.	2010
593	Flashpoint	2020
517	Moving Target	2011
82	Segurança Nacional	2010
60	Stolen Memories	2012
126	My Nappy Roots: A Journey Through Black Hair-itage	2010
17	Danger Close	2019
409	Lincoln	2012
618	Milenge Milenge	2010
408	Before We Go	2014
665	The History of Love	2016
387	Vidas pequeñas	2010
587	7 Days	2010
614	Scott Pilgrim vs. the World	2010
635	Dream Street	2010
95	Surviving in L.A.	2019
265	A Bird of the Air	2011
582	Shazam!	2019
658	Puss in Boots	2011
406	Diary of a Bad Lad	2010
423	Mad World	2010
91	The Passing	2011
661	Clawed	2017
201	Wonder Woman	2017
488	Blunt Movie	2013
477	Party Crashers	2012
575	42	2013
664	El hada buena - Una fábula peronista	2010
450	Life of Pi	2012
570	Being Flynn	2012
505	The Crazies	2010
700	The Equalizer	2014
317	Memorias del desarrollo	2010
357	Captain America: The First Avenger	2011
75	A Long Way Down	2014
621	Sin City: A Dame to Kill For	2014
690	Generation P	2011
698	Drunkboat	2010
426	The Grasslands	2011
207	The Only Living Boy in New York	2017
475	Texxas Jam '78	2012
327	Saving Private Perez	2011
612	Steve Phoenix: The Untold Story	2012
282	High-Rise	2015
230	Satan Hates You	2010
51	Silent Alarm	2011
438	Federal	2010
274	The Devil You Know	2013
53	Guns, Drugs and Dirty Money	2010
398	House at the End of the Drive	2014
469	Piranha 3D	2010
694	Komaram Puli	2010
16	Act Your Age	2011
154	Taken by Force	2010
280	Sensual	2010
70	Golapi Ekhon Bilatey	2010
413	Margaret	2011
594	Alan Partridge	2013
219	Harlem Hostel	2010
451	Smoking/Non-Smoking	2011
496	Platinum Illusions	2011
239	Ex Machina	2014
316	Hot Country, Cold Winter	2016
611	Tower Heist	2011
701	The Smurfs	2011
48	The Mechanic	2011
291	Escape from Heaven	2018
202	Prince of Persia: The Sands of Time	2010
354	Stan	2011
341	Bamboo Shark	2011
555	Cielito lindo	2010
127	Clutch	2012
337	Hail, Caesar!	2016
146	Persona Au Gratin	2012
627	The Deafening Silence of a Very Bright Light	2010
485	Stiffs	2010
142	Unstoppable	2010
573	Sid Bernstein Presents...	2010
550	Extremely Loud & Incredibly Close	2011
641	The Tree of Life	2011
257	El horror de la dama del lago	2010
266	Ant-Man	2015
309	The Greater Meaning of Water	2010
667	Perfect Life	2010
296	Abhishapt	2011
712	Season of the Witch	2011
25	Atlas Shrugged: Part I	2011
238	The Losers	2010
376	Hall Pass	2011
270	Felix Austria!	2013
213	The Croods	2013
606	Bandage	2010
236	Barry Munday	2010
462	Chasing 3000	2010
697	Monkey Man	2011
620	A Woman Is a Woman	2010
232	Gente mala del norte	2011
307	La daga de Rasputín	2011
581	U Want Me 2 Kill Him?	2013
642	Sushi in Suhl	2012
526	Red Tails	2012
384	Making Change	2012
203	Aftermath	2013
311	PrimeMates	2010
541	Silence	2016
520	The Invited	2010
379	Double Tap	2011
187	Something Borrowed	2011
629	Suburbicon	2017
498	Tulip Fever	2017
602	Furry Vengeance	2010
308	Nina	2016
400	CHIPS	2017
535	Ramona and Beezus	2010
590	Good Sharma	2010
225	Bad Blood	2012
134	O Inimigo Sem Rosto	2010
711	Prisoners of the Sun	2013
326	The Hero of Color City	2014
208	Rings	2017
109	Tranced	2010
56	Who Is Harry Nilsson (And Why Is Everybody Talkin' About Him?)	2010
94	Love & Other Drugs	2010
245	Syrup	2013
352	A Thousand Words	2012
660	Escape from Planet Earth	2013
178	Have You Seen Me?	2016
13	Horrorween	2011
403	The Legend of Secret Pass	2019
164	Waste of Space	2010
217	Me and My Umbrella	2010
59	Night of the Templar	2013
185	What's Your Number?	2011
350	California Indian	2011
631	King of the Avenue	2010
630	Samsara	2011
592	Till You Get to Baraboo	2011
445	Man of Steel	2013
156	Jersey Justice	2014
143	Kill	2011
371	The Chosen Heaven	2010
194	Cell	2016
506	The Rain Fairy	2010
685	The Illusionist	2010
61	Night Catches Us	2010
65	Drive	2011
8	Kid Cannabis	2014
459	Santorini Blue	2013
508	War of the Dead	2011
117	The Wolfman	2010
288	Escalade	2011
293	Irreversi	2010
292	The Last Full Measure	2019
571	The Attack	2012
373	The Boxtrolls	2014
281	The Man Who Knew Infinity	2015
285	The Incredible Burt Wonderstone	2013
319	Dallas Buyers Club	2013
673	Elliot Loves	2012
640	The First Grader	2010
295	Jack Reacher	2012
674	R.I.P.D.	2013
141	Miles Ahead	2015
162	The Yellow Wallpaper	2012
519	Wilde Salomé	2011
300	Scary Movie 5	2013
380	13	2010
537	The Guardians	2010
402	Ironmen	2010
157	Clash of the Titans	2010
709	Nemesis	2010
183	Thor	2011
639	Red Dog	2011
422	Warcraft	2016
99	Devil's Knot	2013
394	Folk!	2010
172	It's Kind of a Funny Story	2010
155	The Mule	2013
580	Spoon	2011
717	A Letter to Elia	2010
495	The Last Pogo Jumps Again	2013
93	Tooth Fairy	2010
662	Belle du Seigneur	2012
591	Cross the Line	2010
241	The Danish Girl	2015
567	Eyes of the Mothman	2011
283	Jack and Jill	2011
600	Take Me Home Tonight	2011
434	Plumíferos - Aventuras voladoras	2010
268	Lavoe	2011
482	The Do-Deca-Pentathlon	2012
688	Meridian Lines	2013
645	American Flyer	2010
148	Percy Jackson & the Olympians: The Lightning Thief	2010
182	Art Officially Favored	2019
468	Ashes	2010
166	She's Out of My League	2010
419	Card Subject to Change	2010
167	The Book Thief	2013
247	Conan the Barbarian	2011
467	Shanghai Hotel	2011
385	Interstellar	2014
153	World War Z	2013
650	Flipped	2010
359	Valentine's Day	2010
563	The Power of Few	2013
35	Dreamkiller	2010
708	Soupernatural	2010
699	Manhattan Minutiae	2016
577	Priest	2011
314	The Long Falling	2011
97	Maximum Ride	2016
294	Caravaggio and My Mother the Pope	2018
77	Return to Yucca Flats: Desert Man-Beast	2010
150	Magic	2010
331	Wild in the Streets	2012
88	Dracula Untold	2014
412	Gallowwalkers	2012
287	Waking Madison	2010
351	Godzilla	2014
436	Land	2010
490	The Babymakers	2012
140	Electric Slide	2014
179	Krystal	2017
323	Pee-wee's Big Holiday	2016
114	Approaching Midnight	2013
396	Hotel Transylvania	2012
205	Pet Sematary	2019
297	Retreat!	2016
453	Bhopal: A Prayer for Rain	2014
55	Everyday Sunshine: The Story of Fishbone	2010
654	The Town	2010
298	Río de oro	2010
414	Whatever Happened to Pete Blaggit?	2012
248	The Kids Are All Right	2010
442	The Fallen Word	2013
139	Ivan Mosjoukine ou L'enfant du carnaval	2016
536	Killer by Nature	2010
68	Pox	2011
11	Hoodwinked Too! Hood vs. Evil	2011
411	Gangster Exchange	2010
714	Loot	2011
514	Neowolf	2010
133	Night Traveler	2013
529	Fun in the Army	2010
191	The Speed of Thought	2011
120	The Avengers	2012
20	Epic	2013
473	The Sighting	2016
503	Duel of Legends	2018
19	Amsteroid	2018
534	Jack & Diane	2012
440	Jackson Arms	2015
110	Risen	2010
223	Sir Billi	2012
324	Folie à deux	2012
670	Bloudím	2010
348	Naked Run	2011
49	A Summer Song	2010
516	This Is What Love in Action Looks Like	2011
321	Great American Dream	2013
657	Kolorádó Kid	2010
322	The Sweeney	2012
378	2001 Maniacs: Field of Screams	2010
553	Immortal Island	2011
87	Wide Blue Yonder	2010
144	The Golden Greek: The Harry Agganis Story	2010
696	Super Troopers 2	2018
481	Evangelion: 3.0 You Can (Not) Redo	2012
121	Zenitram	2010
703	Lupin the 3rd	2014
306	Dukun	2018
684	Mr. Peabody & Sherman	2014
715	Letting Go	2012
45	6 Month Rule	2011
258	Catharsis	2011
209	Jungle Cruise	2019
548	Touch Wood	2010
544	The Nightclub Days	2012
718	Surprise, Surprise	2010
676	My Soul to Take	2010
463	Red State	2011
145	The Dot Man	2017
40	Beijing Taxi	2010
101	The Secret Philosophy	2010
212	Rain Falls from Earth: Surviving Cambodia's Darkest Hour	2011
175	Rift	2011
286	Bury the Hatchet	2010
72	Bulletface	2010
588	First Circle	2010
675	Jewtopia	2012
542	Please Give	2010
184	Harm's Way	2010
273	Torn	2010
437	Eat Pray Love	2010
304	Mama I Want to Sing	2011
69	Sanctum	2011
278	AIR: The Musical	2010
546	Snitch	2013
458	Wreckage	2010
478	Drain Baby	2011
681	Legends of Oz: Dorothy's Return	2013
105	The Wedding Ringer	2015
224	Hyenas	2011
111	Repo	2010
243	Rollerboy	2013
229	Honor	2010
391	The Switch	2010
687	RxCannabis: A Freedom Tale	2018
329	Hamlet A.D.D.	2014
21	Gun of the Black Sun	2011
404	Letters to Juliet	2010
497	How to Train Your Dragon	2010
552	Shrek Forever After	2010
565	Blur	2011
624	From Prada to Nada	2011
554	The Whistleblower	2010
67	Don't Fade Away	2010
173	The Key Man	2011
617	Suite Française	2014
444	Psych:9	2010
713	Acts of Violence	2010
226	Westbrick Murders	2010
609	The Hobbit: An Unexpected Journey	2012
320	Love & Mercy	2014
132	The Thing	2011
456	The Grind	2012
137	The Unlikely's	2016
634	Black Butterflies	2011
428	Prey	2010
43	Eager to Die	2010
652	Exposed	2012
335	A Merry Friggin' Christmas	2014
540	Movin' In	2010
168	House Under Siege	2010
231	Monkeyman935	2010
628	Unthinkable	2010
246	Jackboots on Whitehall	2010
460	Gangster Kittens	2016
561	Periphery	2011
615	Victim	2010
250	The Legend of Tarzan	2016
86	The Happy Housewife	2010
108	Lost Girls and Love Hotels	2019
623	The Dead Undead	2010
332	Truth About Kerry	2010
610	Pizza with Bullets	2010
152	Harry Potter and the Deathly Hallows: Part 1	2010
5	Road to Red	2016
131	White Men Can't Dance	2012
649	The Penthouse	2010
9	Deep Gold 3D	2011
98	The Man in the Silo	2016
648	9-Jun	2018
361	Glenn, the Flying Robot	2010
435	The Waiter	2010
284	Rabbit Hole	2010
115	Joe Dick	2017
647	The Devil's Flower	2010
26	The Last Airbender	2010
119	Freaky Deaky	2012
680	Silent Hill: Revelation	2012
524	Arthur 3: The War of the Two Worlds	2010
489	White Knuckles	2010
200	Salt	2010
125	Source Code	2011
480	Black Swan	2010
605	Green Zone	2010
531	The Amazing Spider-Man	2012
523	Coffee Sex You	2014
149	The Killer Inside Me	2010
576	Robin Hood	2010
206	Reach Me	2014
198	Nine Dead	2010
397	Heart of Now	2010
374	Let Me Survive	2013
303	Beautiful Darling	2010
527	Private Security Officer: Los Angeles	2010
158	Truth in Numbers? Everything, According to Wikipedia	2010
344	Avenge	2014
235	A Monster in Paris	2011
484	Devour	2011
301	The Trouble with Cali	2012
388	The House of Sun	2010
595	Made in Romania	2010
659	Feast of the Assumption: BTK and the Otero Family Murders	2010
551	The Sorcerer's Apprentice	2010
603	The Fighter	2010
653	Pushin' Up Daisies	2010
233	Have You Heard from Johannesburg: Hell of a Job	2010
102	Have You Heard from Johannesburg: Road to Resistance	2010
81	L'imbroglio nel lenzuolo	2010
275	The Conspirator	2010
707	Little Witch on a Broomstick	2011
515	Strange Frame: Love & Sax	2012
10	White Wall	2010
188	Hugo	2011
586	Little Fockers	2010
689	The Chosen One	2010
330	The Reason	2010
116	Back Roads	2018
339	Have You Heard from Johannesburg: Fair Play	2010
107	Have You Heard from Johannesburg: The Bottom Line	2010
58	Lives and Deaths of the Poets	2011
679	Headhunter: The Assessment Weekend	2010
528	Justice League	2017
578	Black Limousine	2010
66	Hitchcock	2012
222	Sinatra Club	2010
3	Boyle Heights	2010
79	Chooriyan	2015
30	Fair Game	2010
334	Sucker Punch	2011
234	Have You Heard from Johannesburg: Free at Last	2010
128	Lottery Ticket	2010
511	Jaane Bhi Do Yaaro	2019
626	The Chronicles of Narnia: The Voyage of the Dawn Treader	2010
415	Four	2012
289	Heredity	2010
383	Funkytown	2011
559	The Unwanted	2013
421	The Adventures of Tintin	2011
716	You're Nobody 'til Somebody Kills You	2012
502	El Padrino II: Border Intrusion	2011
255	A Dance for Grace	2010
474	Multiple Sarcasms	2010
31	Machete	2010
424	The Magic Crystal	2011
510	A Flat	2010
39	The Gainesville Ripper	2010
210	Dear John	2010
607	Detention	2010
646	The Green Hornet	2011
129	The Significant Other	2012
360	Hanna	2011
692	The Wolf of Wall Street	2013
597	Adventure Scouts	2010
244	The Courier	2012
170	The Unforgiven	2011
672	Pelé: Birth of a Legend	2016
345	The Extendables	2014
666	Legend of the Red Reaper	2013
44	The Slimbones	2014
12	Bibliothèque Pascal	2010
305	The Experiment	2010
589	Looking for the Lost Tango	2010
585	Two Knives	2011
165	Straw Dogs	2011
706	Megamind	2010
471	The Young Messiah	2016
430	If You Only Knew	2011
190	Call of Life	2010
62	Last Breath	2010
457	The Iron Lady	2011
663	Colombian Interviews	2011
24	Opal	2010
464	The Steamroom	2010
196	Return of the Atom	2015
76	Love Sick Diaries	2010
407	Knight and Day	2010
476	Dylan Dog: Dead of Night	2010
237	Alice in Wonderland	2010
192	Child 44	2015
253	Bad Dog and Superhero	2014
441	Holy Wars	2010
279	Felony Murder	2019
557	The Sisterhood of Night	2014
130	The Cursed	2010
370	Pax	2010
579	Prime of Your Life	2010
677	Splintered	2010
420	The Runaways	2010
448	The Tortured	2010
533	Heart Like a Hand Grenade	2015
569	Our Brand Is Crisis	2015
52	Jeffie Was Here	2010
695	Deal	2010
264	Selma	2014
432	Centurion	2010
643	Patagonia	2010
100	The Method	2017
584	Certified Copy	2010
174	Takedowns and Falls	2010
92	Babies	2010
678	Odd Brodsky	2014
604	Deer Season	2015
346	Rising Star	2010
622	The Way Back	2010
312	Where's My Stuff?	2011
269	Kingshighway	2010
90	Programming the Nation?	2011
41	Argo	2012
199	Session	2011
340	The People I've Slept With	2012
260	Gunned Down	2017
425	Gemini Man	2019
138	The Pardon	2013
147	Dead Americans	2010
366	Kill Speed	2010
169	Wall Street: Money Never Sleeps	2010
668	Tied in Blood	2012
410	Asylum Blackout	2011
599	The Magnificent Eleven	2013
539	Secretariat	2010
228	Krrish 3	2013
401	Poltergeist	2015
46	Tied to a Chair	2011
416	Beautiful Girl	2014
163	The Warrior's Way	2010
27	Inseparable	2011
632	The Descendants	2011
613	Bad Meat	2011
276	Somewhere Tonight	2011
362	Iron Sky	2012
418	Cold Skin	2017
372	The Eagle	2011
249	Suspiria	2018
215	The Photon Effect	2010
491	Women's Studies	2010
392	Cody the Robosapien	2013
315	Everyday	2012
349	The Book of Eli	2010
447	The King of Fighters	2010
38	Legion	2010
342	The Story of Luke	2012
176	The Bounty Hunter	2010
4	Manipulation	2011
171	Let the Game Begin	2010
74	The Nutcracker in 3D	2010
386	Just Inès	2010
80	The Legend of Hercules	2014
14	Not Another B Movie	2010
367	For the Good of Others	2010
368	Silver Linings Playbook	2012
619	Wasteland	2011
221	You and I	2011
363	Ghost Hoax	2010
181	Unfinished Song	2012
113	Aaj Kal	2010
558	Camp Hell	2010
669	Caris' Peace	2011
123	Parental Guidance	2012
112	Beyond the Barbed Wire: An Artist View of the Holocaust	2010
33	Girl, Adopted	2013
122	Howl	2010
564	Pablo	2012
545	Chasing Happiness	2012
365	The Singularity Is Near	2010
364	Havana, Habana	2017
583	The Portal	2010
427	Ivory	2010
507	Lost Everything	2010
227	Goosebumps	2015
216	Repo Men	2010
310	The Big Year	2011
22	Dreams Awake	2011
2	One Lucky Elephant	2010
261	House Broken	2010
256	The Best Things in the World	2010
84	Life as We Know It	2010
78	The Dead Matter	2010
23	Down and Distance	2010
702	Sophomore	2012
189	Four Stories of St. Julian	2010
193	Transit	2012
299	The Legend of Awesomest Maximus	2011
37	Spud	2010
63	Até Onde?	2011
103	The Rogue	2019
29	This Bitter Earth	2012
446	Small Town Saturday Night	2010
73	Bare Knuckles	2010
382	The Evolution of Dad	2010
449	Je ne vous oublierai jamais	2010
682	Boyhood	2014
487	Costa Rica 3D	2019
417	The Ascension	2011
220	The Vampires of Zanzibar	2010
83	For Christ's Sake	2010
251	Water for Elephants	2011
333	Adult World	2013
596	Game of Assassins	2013
159	Monte Carlo	2011
252	Footloose	2011
151	Cavaliers seuls	2010
85	Sunburnt Angels	2011
530	House of Good and Evil	2013
272	Midnight Son	2011
512	The Two Deaths of Quincas Wateryell	2010
302	Habana Eva	2010
1	Good Intentions	2010
356	Elvis & Madonna	2010
616	The Dead Sleep	2010
347	The Amazing Adventures of the Living Corpse	2012
54	Blood River	2010
625	Ghost Rider: Spirit of Vengeance	2011
501	Jelly	2010
452	From the Midst of Pain	2010
218	Winchester	2018
499	Messages Deleted	2010
277	Buffalo Girls	2012
705	Subway Busker	2010
671	The Reverend	2011
655	See You in September	2010
547	Troubadours	2010
96	Skyfall	2012
574	Beyond the Grave	2010
204	Jonah Hex	2010
7	The Dark Party	2013
461	The Beautiful and Damned	2010
180	Dark Shadows	2012
197	Krews	2010
259	Psychosomatika	2010
518	Elimination	2010
598	Frances: A Mother Divine	2010
429	Hauntsville	2016
691	Hysteria	2010
42	The Girl from the Naked Eye	2012
399	Beautiful Noise	2014
454	Happiness Runs	2010
89	10 Years Later	2010
504	Jens Jensen: Harmonious World	2010
47	Jerry Cotton	2010
