2044	Lauren Bacall	1924	2014
308	Orson Welles	1915	1985
2400	John Cleese	1939	\N
2890	Brad Pitt	1963	\N
2738	Jennifer Aniston	1969	\N
998	Patricia Arquette	1968	\N
227	Dan Aykroyd	1952	\N
1121	Kevin Bacon	1958	\N
1689	Antonio Banderas	1960	\N
2274	Luc Besson	1959	\N
2265	Kenneth Branagh	1960	\N
2614	Pierce Brosnan	1953	\N
519	Sandra Bullock	1964	\N
338	Steve Buscemi	1957	\N
2933	Nicolas Cage	1964	\N
1633	George Clooney	1961	\N
858	Jennifer Connelly	1970	\N
2133	Wes Craven	1939	2015
922	Russell Crowe	1964	\N
1118	Tom Cruise	1962	\N
1271	John Cusack	1966	\N
1457	Robert De Niro	1943	\N
5	Johnny Depp	1963	\N
1492	Leonardo DiCaprio	1974	\N
1810	Cameron Diaz	1972	\N
786	Michael Douglas	1944	\N
1183	Cary Elwes	1962	\N
2232	Ralph Fiennes	1962	\N
1678	Colin Firth	1960	\N
1532	Harrison Ford	1942	\N
360	Jeff Goldblum	1952	\N
572	Tom Hanks	1956	\N
878	Ethan Hawke	1970	\N
2191	Salma Hayek	1966	\N
2216	Anthony Hopkins	1937	\N
1137	Elizabeth Hurley	1965	\N
2184	Samuel L. Jackson	1948	\N
460	Ashley Judd	1968	\N
326	Nicole Kidman	1967	\N
1812	Kevin Kline	1947	\N
2549	Diane Lane	1965	\N
971	Jude Law	1972	\N
2737	Steve Martin	1945	\N
905	Matthew McConaughey	1969	\N
1424	Ewan McGregor	1971	\N
996	Julianne Moore	1960	\N
534	Mike Myers	1963	\N
395	Gary Oldman	1958	\N
480	Al Pacino	1940	\N
164	Michelle Pfeiffer	1958	\N
1319	River Phoenix	1970	1993
2128	Natalie Portman	1981	\N
1273	Christina Ricci	1980	\N
2159	Julia Roberts	1967	\N
422	Winona Ryder	1971	\N
2579	Susan Sarandon	1946	\N
204	Martin Scorsese	1942	\N
2213	Kristin Scott Thomas	1960	\N
973	Charlie Sheen	1965	\N
2918	Brooke Shields	1965	\N
1910	Elisabeth Shue	1963	\N
2127	Christian Slater	1969	\N
2689	Will Smith	1968	\N
220	Mira Sorvino	1967	\N
1414	Kevin Spacey	1959	\N
209	Steven Spielberg	1946	\N
1483	Oliver Stone	1946	\N
146	Jennifer Tilly	1958	\N
1163	Mark Wahlberg	1971	\N
1197	Denzel Washington	1954	\N
1284	Bruce Willis	1955	\N
1792	James Woods	1947	\N
632	Ben Affleck	1972	\N
1479	Alan Alda	1936	\N
2120	Joan Allen	1956	\N
769	Julie Andrews	1935	\N
287	Alan Arkin	1934	\N
2073	David Arquette	1971	\N
608	Hank Azaria	1964	\N
782	Alec Baldwin	1958	\N
1223	Stephen Baldwin	1966	\N
1502	Christian Bale	1974	\N
2376	Sean Bean	1959	\N
181	Kate Beckinsale	1973	\N
1503	Michael Biehn	1956	\N
470	Juliette Binoche	1964	\N
21	Helena Bonham Carter	1966	\N
902	Jeff Bridges	1949	\N
1525	Tim Burton	1958	\N
1043	Lacey Chabert	1982	\N
2131	Don Cheadle	1964	\N
1204	Glenn Close	1947	\N
456	Billy Crystal	1948	\N
2587	Joan Cusack	1962	\N
2097	Vincent D'Onofrio	1959	\N
201	Willem Dafoe	1955	\N
1620	Matt Damon	1970	\N
2648	Daniel Day-Lewis	1957	\N
95	Rebecca De Mornay	1959	\N
1092	Danny DeVito	1944	\N
2949	Gérard Depardieu	1948	\N
2834	Robert Downey Jr.	1965	\N
1207	Richard Dreyfuss	1947	\N
2077	Anthony Edwards	1962	\N
1191	Atom Egoyan	1960	\N
1597	Morgan Fairchild	1950	\N
914	Sally Field	1946	\N
2233	Vivica A. Fox	1964	\N
660	Brendan Fraser	1968	\N
2008	Edward Furlong	1977	\N
755	Crispin Glover	1964	\N
2132	Cuba Gooding Jr.	1968	\N
2600	John Goodman	1952	\N
142	Steve Guttenberg	1958	\N
760	Ed Harris	1950	\N
1905	Neil Patrick Harris	1973	\N
1020	Rutger Hauer	1944	\N
2857	Gaby Hoffmann	1982	\N
2728	Timothy Hutton	1960	\N
1698	Jeremy Irons	1948	\N
1128	Sally Kirkland	1941	\N
2263	Elias Koteas	1961	\N
1584	Ang Lee	1954	\N
1737	Christopher Lee	1922	2015
1346	Juliette Lewis	1973	\N
1149	Matthew Lillard	1970	\N
1977	Bai Ling	1966	\N
321	Richard Linklater	1960	\N
1371	Ray Liotta	1954	\N
2506	Andie MacDowell	1958	\N
347	William H. Macy	1950	\N
2851	Michael Madsen	1957	\N
869	Terrence Malick	1943	\N
176	John Malkovich	1953	\N
2813	Debi Mazar	1964	\N
2028	Andrew McCarthy	1962	\N
1329	Rose McGowan	1973	\N
1063	Colm Meaney	1953	\N
2515	Dina Meyer	1968	\N
104	Bette Midler	1945	\N
180	Penelope Ann Miller	1964	\N
2107	Helen Mirren	1945	\N
2908	Alfred Molina	1953	\N
1419	Eddie Murphy	1961	\N
1658	Liam Neeson	1952	\N
1934	Peter O'Toole	1932	2013
2816	Lena Olin	1955	\N
2719	Mary-Louise Parker	1964	\N
1406	Sarah Jessica Parker	1965	\N
1315	Sean Penn	1960	\N
2078	Ron Perlman	1950	\N
2145	Luke Perry	1966	\N
2138	Jonathan Pryce	1947	\N
1391	Dennis Quaid	1954	\N
1771	Kathleen Quinlan	1954	\N
2031	Robert Redford	1936	\N
1357	Vanessa Redgrave	1937	\N
2081	Paul Reubens	1952	\N
1606	Ving Rhames	1959	\N
615	Giovanni Ribisi	1974	\N
2203	Alan Rickman	1946	2016
1237	Tim Roth	1961	\N
399	Mickey Rourke	1952	\N
2354	Liev Schreiber	1967	\N
2656	Ridley Scott	1937	\N
2281	William Shatner	1931	\N
1493	Martin Sheen	1940	\N
600	Wesley Snipes	1962	\N
2302	Paul Sorvino	1939	\N
2051	Terence Stamp	1938	\N
1773	David Strathairn	1949	\N
2716	Meryl Streep	1949	\N
2881	Donald Sutherland	1935	\N
313	Dominique Swain	1980	\N
196	Billy Bob Thornton	1955	\N
254	Marisa Tomei	1964	\N
1867	Deborah Kara Unger	1966	\N
1682	Christopher Walken	1943	\N
2935	Reese Witherspoon	1976	\N
1258	Robin Wright	1966	\N
1106	Casey Affleck	1975	\N
280	Danny Aiello	1933	\N
1987	Tim Allen	1953	\N
1933	Maria Conchita Alonso	1957	\N
1085	Jean-Hugues Anglade	1955	\N
2644	Christina Applegate	1971	\N
2251	Michael Apted	1941	\N
453	Alfonso Arau	1932	\N
725	Tom Arnold	1959	\N
2320	Armand Assante	1949	\N
1387	Amitabh Bachchan	1942	\N
2509	Maxine Bahns	1971	\N
959	Javier Bardem	1969	\N
1286	Jason Bateman	1969	\N
814	Patrick Bauchau	1938	\N
1127	Steven Bauer	1956	\N
1276	Ned Beatty	1937	\N
1048	Ed Begley Jr.	1949	\N
1882	Monica Bellucci	1964	\N
1595	Jim Belushi	1954	\N
1938	Annette Bening	1958	\N
1572	Steven Berkoff	1937	\N
129	Corbin Bernsen	1954	\N
1922	Karen Black	1939	2013
856	Cate Blanchett	1969	\N
578	Peter Bogdanovich	1939	\N
1871	Beau Bridges	1941	\N
2001	Jim Broadbent	1949	\N
2408	Josh Brolin	1968	\N
111	Albert Brooks	1947	\N
2211	Jim Brown	1936	\N
1146	David Carradine	1936	2009
1517	Veronica Cartwright	1949	\N
783	Joanna Cassidy	1945	\N
1327	Jim Caviezel	1968	\N
1245	Geraldine Chaplin	1944	\N
2884	David Charvet	1972	\N
1268	Ethan Coen	1957	\N
964	Joel Coen	1954	\N
1314	Toni Collette	1972	\N
1814	Chris Columbus	1958	\N
2673	Peter Coyote	1941	\N
618	Billy Crudup	1968	\N
1857	Kieran Culkin	1982	\N
708	Blythe Danner	1943	\N
1454	Tony Danza	1951	\N
2422	Robert Davi	1951	\N
1726	Judy Davis	1955	\N
200	Benicio Del Toro	1967	\N
923	Dana Delany	1956	\N
1192	Judi Dench	1934	\N
493	Olympia Dukakis	1931	\N
85	Charles Durning	1923	2012
495	Charles S. Dutton	1951	\N
2082	Christopher Eccleston	1964	\N
1119	Aaron Eckhart	1968	\N
811	Adam Sandler	1966	\N
1402	Gary Farmer	1953	\N
1159	Mia Farrow	1945	\N
794	Miguel Ferrer	1955	2017
2196	Sean Patrick Flanery	1965	\N
478	William Forsythe	1955	\N
2356	Jason Gedrick	1965	\N
222	Tony Goldwyn	1960	\N
296	Elliott Gould	1938	\N
1497	Kelsey Grammer	1955	\N
1666	Richard E. Grant	1957	\N
2331	Erin Gray	1950	\N
1308	Anthony Michael Hall	1968	\N
1555	Renny Harlin	1959	\N
2285	Tippi Hedren	1930	\N
102	Katherine Heigl	1978	\N
1748	Brian Helgeland	1961	\N
2887	Werner Herzog	1942	\N
1598	Ciarán Hinds	1953	\N
2766	Michael Hoffman	1956	\N
890	Ernie Hudson	1945	\N
512	John Huston	1906	1987
2074	Peter Jackson	1961	\N
2139	Derek Jacobi	1938	\N
1546	Jenna Jameson	1974	\N
300	Angelina Jolie	1975	\N
564	Catherine Keener	1959	\N
1296	Udo Kier	1944	\N
2326	Ben Kingsley	1943	\N
737	Greg Kinnear	1963	\N
1374	Martin Landau	1928	2017
365	Jessica Lange	1949	\N
426	Piper Laurie	1932	\N
376	Cloris Leachman	1926	\N
320	Jared Leto	1971	\N
2186	John Lithgow	1945	\N
1653	Kylie Minogue	1968	\N
2715	Pat Morita	1932	2005
1545	Mike Newell	1942	\N
2743	Edward Norton	1969	\N
1849	Danny Nucci	1968	\N
1863	Anna Paquin	1982	\N
2945	Anne Parillaud	1960	\N
1756	Amanda Peet	1972	\N
1724	Rosie Perez	1964	\N
682	Oliver Platt	1960	\N
2212	Amanda Plummer	1957	\N
105	Teri Polo	1969	\N
1901	Rob Reiner	1947	\N
138	Jonathan Rhys Meyers	1977	\N
1478	Robert Rodriguez	1968	\N
853	Mickey Rooney	1920	2014
1760	Geoffrey Rush	1951	\N
718	John Savage	1949	\N
2474	Rob Schneider	1963	\N
1010	Til Schweiger	1963	\N
1205	Tony Scott	1944	2012
2550	Kyra Sedgwick	1965	\N
2530	Chloë Sevigny	1974	\N
843	Deborah Shelton	1948	\N
177	Talia Shire	1946	\N
125	Maggie Smith	1934	\N
1743	Nick Stahl	1979	\N
1463	Ben Stiller	1965	\N
2455	Peter Stormare	1953	\N
2858	Susan Strasberg	1938	1999
1264	Henry Thomas	1971	\N
305	Danny Trejo	1944	\N
1528	Stanley Tucci	1960	\N
2379	John Turturro	1957	\N
1441	Robert Vaughn	1932	2016
1484	Robert Wagner	1930	\N
1887	Sam Waterston	1940	\N
2149	Emily Watson	1967	\N
1554	Peter Weir	1944	\N
945	Rachel Weisz	1970	\N
150	Frank Whaley	1963	\N
2416	Forest Whitaker	1961	\N
577	Dianne Wiest	1948	\N
864	Billy Dee Williams	1937	\N
2765	Steve Zahn	1967	\N
788	David Zucker	1947	\N
74	Edward Zwick	1952	\N
449	Max von Sydow	1929	\N
57	Richard Belzer	1944	\N
239	Luca Bercovici	1957	\N
2946	Klaus Maria Brandauer	1943	\N
221	Blair Brown	1946	\N
1521	Vincent Cassel	1966	\N
1927	David Chokachi	1968	\N
2384	Maria Grazia Cucinotta	1968	\N
1738	Will Ferrell	1967	\N
2323	Lou Ferrigno	1951	\N
1260	Jason Flemyng	1966	\N
2574	Zach Galligan	1964	\N
518	Lasse Hallström	1946	\N
1596	Stephen Lang	1952	\N
1719	Roger Christian	1944	\N
396	Dante Basco	1975	\N
285	Colin Brunton	1955	\N
2222	Joe Johnston	1950	\N
1196	Malcolm D. Lee	1970	\N
2708	Muse Watson	1948	\N
263	Alexander Skarsgård	1976	\N
1746	Kenneth Hughes	\N	\N
88	Christopher McQuarrie	1968	\N
779	C. Ernst Harth	1970	\N
2531	Jordi Mollà	1968	\N
1218	Dayyan Eng	1975	\N
643	James Mangold	1963	\N
666	Kevin Smith	1970	\N
388	Will Wallace	\N	\N
1708	Brian Cox	1946	\N
2756	Andrew Stanton	1965	\N
1428	Bobbie Phillips	1968	\N
2748	Bo Svenson	1941	\N
1261	Debbie Rochon	1968	\N
1973	Quentin Lee	\N	\N
2240	Anne Hathaway	1982	\N
2093	Cristine Rose	1951	\N
230	Hrithik Roshan	1974	\N
1251	Rakesh Roshan	1949	\N
1585	Mark Neveldine	1973	\N
1087	Kareena Kapoor	1980	\N
1779	Ivan Rogers	1954	2010
27	Jessica Alba	1981	\N
2671	Darren Aronofsky	1969	\N
1301	Tyson Beckford	1970	\N
94	Camilla Belle	1986	\N
2341	Jessica Biel	1982	\N
1845	Adrien Brody	1973	\N
1410	Michael Chiklis	1963	\N
2599	Josie Davis	1973	\N
855	James DeBello	1980	\N
1785	Taye Diggs	1971	\N
259	Angie Everhart	1969	\N
447	David Faustino	1974	\N
1865	Ben Foster	1980	\N
303	Jamie Foxx	1967	\N
1114	Jennifer Garner	1972	\N
819	Hill Harper	1966	\N
236	Melissa Joan Hart	1976	\N
2855	Sean Hayes	1970	\N
928	Elaine Hendrix	1970	\N
445	Lori Heuring	1973	\N
278	Katie Holmes	1978	\N
946	Kate Hudson	1979	\N
1716	James Hyde	1962	\N
668	Jason Isaacs	1963	\N
1411	Thomas Jane	1969	\N
61	Stacy Keach	1941	\N
2451	Andrew Keegan	1979	\N
1866	Justin Kirk	1969	\N
473	Mila Kunis	1983	\N
457	Sanaa Lathan	1971	\N
2410	Natasha Lyonne	1979	\N
2801	Leslie Mann	1972	\N
1060	Patricia Manterola	1972	\N
2324	James Marsden	1973	\N
175	Garry Marshall	1934	2016
1928	James McDaniel	1958	\N
276	Ian McKellen	1939	\N
509	Sam Mendes	1965	\N
2034	Izabella Miko	1981	\N
1311	Esai Morales	1962	\N
77	Carrie-Anne Moss	1967	\N
310	Elisabeth Moss	1982	\N
1874	Tahj Mowry	1986	\N
849	Bridget Moynahan	1971	\N
2741	Thomas Ian Nicholas	1980	\N
1247	Alessandro Nivola	1972	\N
1488	Jerry O'Connell	1974	\N
1892	Pauley Perrette	1969	\N
53	Bijou Phillips	1980	\N
2705	Norman Reedus	1969	\N
761	Simon Rex	1974	\N
962	Ryan Reynolds	1976	\N
1049	Busta Rhymes	1972	\N
1298	LeAnn Rimes	1982	\N
745	Jay Roach	1957	\N
155	Brian Robbins	1963	\N
391	Sam Rockwell	1968	\N
2446	Dennis Rodman	1961	\N
1791	William Lee Scott	1973	\N
1222	Katey Sagal	1954	\N
2234	Vinessa Shaw	1976	\N
2899	Lin Shaye	1943	\N
1182	Jean Smart	1951	\N
1926	Leelee Sobieski	1983	\N
2845	Jason Statham	1967	\N
2119	Lorraine Toussaint	1960	\N
772	Jon Turteltaub	1963	\N
2709	Mario Van Peebles	1957	\N
354	Estella Warren	1978	\N
484	Lynn Whitfield	1953	\N
1431	Owen Wilson	1968	\N
2672	Jonathan Winters	1925	2013
975	Christy Carlson Romano	1984	\N
1984	James Quattrochi	1961	\N
744	Ric Roman Waugh	1968	\N
979	Elizabeth Banks	1974	\N
2866	John Stockwell	1961	\N
2921	Tabu	1970	\N
2156	Dev Anand	1923	2011
1662	Jim Abbott	\N	\N
1763	Nicole Abisinio	\N	\N
1573	Andrew Ableson	\N	\N
418	Peter Abraham	\N	\N
1285	Hany Abu-Assad	1961	\N
120	Tamara Acosta	1972	\N
2618	Ashot Adamyan	1953	\N
2575	Amy Adams	1974	\N
1266	R.J. Adams	1942	2015
18	Rob Adams	1970	\N
350	Scott Adkins	1976	\N
2798	Jouko Ahola	1970	\N
1631	Umie Aida	1973	\N
2647	Alexandre Aja	1978	\N
1713	Luis Alarcón	1929	\N
1206	Carlos Alazraqui	1962	\N
2784	Ellen Albertini Dow	1913	2015
541	Elizabeth Allen Rosenbaum	\N	\N
2178	Keith Allen	1953	\N
2617	Laura Allen	1974	\N
950	Mark Gilvary	1960	\N
910	Luis Aller	1961	\N
635	Joaquim de Almeida	1957	\N
830	Ron Althoff	\N	\N
2238	José Manuel Alves Pereira	\N	\N
2166	K.C. Amos	\N	\N
557	Shedrack Anderson III	1977	\N
537	Matthew R. Anderson	\N	\N
2504	Scott Andrews	\N	\N
335	Jimena Anganuzzi	\N	\N
691	Michael Angarano	1987	\N
2444	Graham Annable	\N	\N
225	Hideaki Anno	1960	\N
2332	Bret Anthony	1972	\N
582	Francisco Aragon	1973	\N
2607	Allan Arbus	1918	2013
2877	Pierre Arditi	1944	\N
179	Richard Armitage	1971	\N
198	Alexander Armstrong	1970	\N
2382	Lucie Arnaz	1951	\N
1022	Mark Arnold	1957	\N
2485	Richmond Arquette	1963	\N
451	David Arrow	1962	\N
1475	Tadanobu Asano	1973	\N
2596	Michael Asberry	\N	\N
2651	Kelly Asbury	1960	\N
1547	John Asher	1971	\N
206	Matthew Ashford	1960	\N
751	Martin Aslan	1973	\N
1744	Nataly Attiya	1975	\N
777	Beni Atoori	\N	\N
2591	Icho Avital	1960	\N
2298	Alejandro Awada	1961	\N
2154	Anna Azcona	1964	\N
1041	Sayed Badreya	1957	\N
2151	Cindy Baer	1969	\N
1434	Mohnish Bahl	1963	\N
1250	Manoj Bajpayee	1969	\N
2861	Blanche Baker	1956	\N
1580	Christopher James Baker	\N	\N
2870	Greg Baker	1968	\N
1241	Asunción Balaguer	1925	\N
2670	Penny Balfour	\N	\N
897	Marita Ballesteros	\N	\N
2187	Thomas Balmès	\N	\N
722	Firdous Bamji	1966	\N
1858	Eric Bana	1968	\N
2409	Bob Bancroft	\N	\N
906	Dvir Benedek	1969	\N
889	Reggie Bannister	1945	\N
1787	Beege Barkette	1950	\N
942	Joanne Baron	\N	\N
2499	Luis Barone	1955	\N
2421	Alice Barrett	1956	\N
1681	Dana Barron	1966	\N
2700	Mischa Barton	1986	\N
1361	Jay Baruchel	1982	\N
1169	Daniela Bascopé	\N	\N
1091	Kim Bass	1956	\N
792	Mark Bate	\N	\N
1825	Peter Baxter	\N	\N
976	Julian Beck	1925	1985
1588	Kuno Becker	1978	\N
2885	Shelley Berman	1925	2017
2010	Gerry Bednob	\N	\N
192	Michael Belisaro	\N	\N
436	Coby Bell	1975	\N
1225	Jamie Bell	1986	\N
2513	Tobin Bell	1942	\N
1375	Carlos Belloso	1963	\N
2862	Andrea Beltrão	1964	\N
584	Shmil Ben Ari	1952	\N
1448	Joel Bender	1948	\N
2627	Elizabeth Ann Bennett	1978	\N
1185	Robert Bennett	\N	\N
2629	Abraham Benrubi	1969	\N
2518	Lyriq Bent	\N	\N
2115	Bibo Bergeron	\N	\N
1054	Greg Berlanti	1972	\N
2533	Kirsten Berman	\N	\N
23	Ágnes Bertalan	1968	\N
1162	Paul Bettany	1971	\N
2126	Paulo Betti	1952	\N
1279	Antoinette Beumer	1962	\N
1720	Thomas Bezucha	1964	\N
202	Vikas Bhalla	\N	\N
1070	Gil Birmingham	1953	\N
1577	John Birmingham	1977	\N
529	Nic Bishop	1973	\N
2660	Claudia Black	1972	\N
2828	Jack Black	1969	\N
377	Jordan Black	1970	\N
2201	Lucas Black	1982	\N
567	Bre Blair	1980	\N
371	Maite Blasco	1938	\N
826	Txema Blasco	1941	\N
1590	Péter Blaskó	1948	\N
2669	Chris Blasman	\N	\N
1232	Julian Bleach	1963	\N
2242	Tine Blichmann	1941	\N
2944	Albert Pyun	1954	\N
2677	Betty Bobbitt	1940	\N
2697	Jirina Bohdalová	1931	\N
1626	Ian Bohen	1976	\N
1340	Francisco Boira	1971	\N
1774	Osvaldo Bonet	1918	2013
638	Roberto Bonfim	1945	\N
331	Frank Bongiorno	\N	\N
253	Jesús Bonilla	1955	\N
1344	Mark Boone Junior	1955	\N
1178	Óscar Borda	\N	\N
143	Ole Bornedal	1959	\N
828	Alex Borstein	1971	\N
838	Brian Bosworth	1965	\N
747	Kate Bosworth	1983	\N
4	Jean-Pierre Bouyxou	1946	\N
2633	Haim Bouzaglo	1952	\N
2264	Tom Bower	1938	\N
448	Grant Bowler	1968	\N
1056	Christopher Bowman	1967	2008
2736	Billy Boyd	1968	\N
2342	Darren Boyd	1971	\N
1980	Sarain Boylan	\N	\N
2048	Jesse Bradford	1979	\N
1709	Richard Bradford	1934	2016
1093	Doug Bradley	1954	\N
2589	Wayne Brady	1972	\N
620	Alice Braga	1983	\N
455	Carsten Brandt	\N	\N
2277	Shirly Brener	1974	\N
2637	Eileen Brennan	1932	2013
2373	Craig Brewer	1971	\N
50	Vladimir Brichta	1976	\N
1110	Katherine Brooks	1976	\N
1221	Brianna Brown	1979	\N
2497	Kathryne Dora Brown	1971	\N
113	Matt Brown	\N	\N
274	Susan Brown	1946	\N
644	Emily Browning	1988	\N
1667	Hans-Dieter Brückner	1961	\N
1816	John Brumpton	\N	\N
2038	Jean-Marie Buchet	1938	\N
2897	Jeremy Bulloch	1945	\N
609	Jim J. Bullock	1955	\N
590	Burt Bulos	1968	\N
1289	Hana Buresová	1959	\N
2223	Billy Burke	1966	\N
2454	Heather Burns	1975	\N
1021	Ian Burns	\N	\N
417	Jeff Burr	1963	\N
2477	Ty Burrell	1967	\N
2439	Tom Burruss	\N	\N
72	Gerard Butler	1969	\N
439	Jonathan Cake	1967	\N
1983	Wilmer Calderon	1975	\N
190	Ray Callaghan	\N	\N
1859	Luis Callejo	1970	\N
1823	Carlos Humberto Camacho	1971	\N
1005	Christa Campbell	1972	\N
1042	Christian Campbell	1972	\N
2385	Alex Monty Canawati	\N	\N
1759	Bobby Cannavale	1970	\N
2590	Roberto Cano	1973	\N
733	Raúl Carbonell	\N	\N
705	Steve Carell	1962	\N
1079	Len Cariou	1939	\N
1446	Wilza Carla	1935	2011
1578	Joe Carnahan	1969	\N
1990	Marilia Carneiro	\N	\N
884	Maurice Carr	\N	\N
2407	Fabian Carrillo	\N	\N
938	Jean-Claude Carrière	1931	\N
630	Jason Carter	1960	\N
443	Nick Carter	1980	\N
2823	Max Casella	1967	\N
385	Henry Cavill	1983	\N
2478	Larry Cedar	1955	\N
2630	Angie Cepeda	1974	\N
1012	Michael Cera	1988	\N
2067	Petra Cernocká	1949	\N
2713	Justin Chadwick	1968	\N
2383	Mithun Chakraborty	1947	\N
2622	Faune Chambers Watkins	1976	\N
646	Gordon Chan	1960	\N
1711	Jay Chandrasekhar	1968	\N
1312	Damian Chapa	1963	\N
689	Carmen Chaplin	1977	\N
1764	Tara Strong	1973	\N
2745	Justin Chatwin	1982	\N
2799	Pascal Chaumeil	1961	2015
978	Pei-Pei Cheng	1946	\N
2053	Lisa Cholodenko	1964	\N
684	Sylvain Chomet	1963	\N
1531	Prem Chopra	1935	\N
2750	Erika Christensen	1982	\N
2725	Hayden Christensen	1981	\N
1482	Claudia Christian	1965	\N
1082	Shawn Christian	1965	\N
2794	Mark Christensen	\N	\N
844	Bob Christo	\N	2011
2871	Peter Christopherson	1955	2010
1946	Karin Anna Cheung	1974	\N
972	Vera Chytilová	1929	2014
640	Milan Cieslar	1960	\N
1154	Natalia Cigliuti	1978	\N
2192	Frank Ciota	1964	\N
525	Dina Ciraulo	\N	\N
2022	Graham Clarke	\N	\N
2932	Jason Clarke	1969	\N
2144	Claudine Claudio	\N	\N
2831	François Cluzet	1955	\N
875	Kim Coates	1958	\N
1138	Scott Coffey	1964	\N
127	Lynn Cohen	1933	\N
2207	Neil Cohen	\N	\N
454	Stephen Colbert	1964	\N
2052	Grégoire Colin	1975	\N
1539	Ken Collins	\N	\N
2564	Carl Colpaert	1963	\N
1612	Anjanette Comer	1939	\N
2695	Rudy Ruggiero	1961	\N
1656	Edward Conna	1968	\N
2188	Billy Connolly	1942	\N
2763	Kevin Connolly	1974	\N
1302	David Worth	\N	\N
741	Frances Conroy	1953	\N
909	T. Michael Conway	1969	\N
1654	Steve Coogan	1965	\N
2484	Bradley Cooper	1975	\N
824	Bruno Coppola	\N	\N
375	John Corbett	1961	\N
252	Abbie Cornish	1982	\N
834	Walter Cornás	1978	\N
622	Gabriel Corrado	1960	\N
1490	Rubens Correia	1931	1996
1485	James Cosmo	1947	\N
52	Martin Kove	1946	\N
700	Rob Cowan	\N	\N
137	Doug Cox	\N	\N
748	Daniel Craig	1968	\N
724	Chilton Crane	\N	\N
985	Bryan Cranston	1956	\N
1729	Allison Cratchley	1971	\N
2392	Clayne Crawford	1978	\N
361	Nancy Crawford	1941	\N
1333	Ron Crawford	\N	\N
35	Stacia Crawford	\N	\N
1643	Nathan Crooker	1980	\N
429	David Cross	1964	\N
1364	Wilson Cruz	1973	\N
1549	Marton Csokas	1966	\N
237	Michael Cudlitz	1964	\N
2567	Gesine Cukrowski	1968	\N
2818	Rory Culkin	1989	\N
1303	John Cullum	1930	\N
662	Richard Cummings Jr.	\N	\N
36	Liam Cunningham	1961	\N
2071	Kaley Cuoco	1985	\N
400	Cliff Curtis	1968	\N
1335	Aric Cushing	1973	\N
2278	Willa Cuthrell	\N	\N
775	Chris D'Arienzo	1972	\N
48	Elizabeth Daily	1961	\N
1948	Stephen Daldry	1960	\N
1172	James Badge Dale	1978	\N
2004	John Francis Daley	1985	\N
327	Eddie Daniels	1967	\N
916	Paul Dano	1984	\N
1953	Daniel Dantas	1954	\N
1828	Vasundhara Das	\N	\N
570	Jack Davenport	1973	\N
1647	Lucy Davis	1973	\N
2751	Viola Davis	1965	\N
1798	Rosario Dawson	1979	\N
2860	Ivan de Albuquerque	1932	2001
9	Kirk DeMicco	1969	\N
1362	Brian J. De Palma	\N	\N
2556	Jessica Dean	\N	\N
931	Dean DeBlois	1970	\N
1538	Marcia DeBonis	1960	\N
1354	Jean-Pierre Delamour	\N	\N
2289	Léon Desclozeaux	1951	\N
2699	Prabhu Deva	\N	\N
894	Ajay Devgn	1969	\N
1941	Loretta Devine	1949	\N
49	Tony Devon	1951	\N
1215	Sacha Dhawan	1984	\N
1108	Michael Di Jiacomo	\N	\N
2807	Chris Diamantopoulos	1975	\N
2168	Dustin Diamond	1977	\N
2462	Dale Dickey	1961	\N
2616	Gerda Diddens	\N	\N
1228	Andrew Divoff	1955	\N
1176	Evgenia Dodina	1964	\N
228	Jean-Claude Donda	\N	\N
2520	Elisa Donovan	1971	\N
631	Ryan Donowho	1980	\N
720	Miroslav Donutil	1951	\N
2435	Paul Doucet	\N	\N
2394	Ziad Doueiri	1963	\N
2330	Kenny Doughty	1975	\N
2495	Jackson Douglas	1969	\N
683	Thomas Douglas	1972	\N
2553	Michael Dowse	1973	\N
2792	Leyland Doyen	\N	\N
1677	Yana Drouz	1956	\N
797	Lillete Dubey	1953	\N
8	Martin Dubreuil	\N	\N
2732	Caroline Ducey	1976	\N
1297	John Ducey	1969	\N
2220	Haylie Duff	1985	\N
1831	Hilary Duff	1987	\N
413	Dennis Dugan	1946	\N
270	Claude Duhamel	1970	\N
1396	Josh Duhamel	1972	\N
1023	Clark Duke	1985	\N
68	Christopher Dunne	\N	\N
2652	Jay Duplass	1973	\N
770	Mark Duplass	1976	\N
1427	Julie Durand	\N	\N
1563	Karen Dzhanibekyan	1937	2015
1389	Leslie Easterbrook	1949	\N
1336	Jayne Eastwood	1946	\N
1954	Lucas Elliot Eberl	1986	\N
1587	Hector Echavarria	1969	\N
450	Joel Edgerton	1974	\N
839	Todd Edwards	1971	\N
2842	Jussi Eerola	\N	\N
2204	David Eigenberg	1964	\N
2472	Breck Eisner	1970	\N
307	Chiwetel Ejiofor	1977	\N
1790	Carmen Ejogo	1973	\N
2548	Idris Elba	1972	\N
352	Gad Elmaleh	1971	\N
2185	Hannelore Elsner	1942	\N
2931	Chris Elwood	\N	\N
1456	Linda Emond	1959	\N
367	Mireille Enos	1975	\N
655	Rob Epstein	1955	\N
346	Joe Estevez	1946	\N
1174	Eric Etebari	1969	\N
2814	Chris Evans	1981	\N
2426	David Mickey Evans	1962	\N
1501	Marc Evans	1963	\N
272	Craig Fairbrass	1964	\N
2883	Donald Faison	1974	\N
2529	Marianne Faithfull	1946	\N
1925	Dakota Fanning	1994	\N
2850	Betty Faria	1941	\N
528	Anna Faris	1976	\N
261	Sean Faris	1982	\N
1164	Vera Farmiga	1973	\N
1837	Colin Farrell	1976	\N
815	Bobby Farrelly	1958	\N
2657	Peter Farrelly	1956	\N
2032	Jon Favreau	1966	\N
1037	Mark L. Feinsod	1972	\N
2620	Serge Rodnunsky	\N	\N
2789	Mareike Fell	1975	\N
2537	Tom Felton	1987	\N
1295	Nick Fenske	1964	\N
11	Craig Ferguson	1962	\N
1236	Sandra Dee Robinson	1967	\N
2303	Ana Fernández	1963	\N
2500	Tina Fey	1970	\N
1089	Andy Fickman	\N	\N
2830	Carsten Fiebeler	1965	\N
888	Connie Field	\N	\N
2257	Will Finn	1958	\N
1099	Michael Fischa	1952	\N
83	Jenna Fischer	1974	\N
2770	Jim Fitzpatrick	1959	\N
1994	Ryan Fleck	1976	\N
2083	Dann Florek	1950	\N
1088	Dan Fogler	1976	\N
579	Erin Foley	1978	\N
2327	Andrey Fomin	\N	\N
2535	Guilherme Fontes	1967	\N
2095	Jamie Foreman	1958	\N
2253	Marc Forster	1969	\N
2046	James Fox	1939	\N
524	Jeff Foxworthy	1958	\N
2544	Denise Fraga	1965	\N
2329	James Frain	1968	\N
1392	James Franco	1978	\N
2547	Claudia Franjul	\N	\N
1838	Scott Frank	1960	\N
854	David Frankel	1959	\N
2181	Adrienne Frantz	1978	\N
1602	Hugh Fraser	1950	\N
1680	Martin Freeman	1971	\N
2685	B-Real	1970	\N
639	Tina French	\N	\N
1824	Ron Fricke	\N	\N
1890	Jeffrey Friedman	1951	\N
625	Joanne Froggatt	1980	\N
1300	Nick Frost	1972	\N
805	Samuel Fröler	1957	\N
1862	Antoine Fuqua	1965	\N
2901	Enrique Gabriel	1957	\N
2420	Sarah Gadon	1987	\N
661	Johnny Galecki	1975	\N
2841	Juan Luis Galiardo	1940	2012
2271	Zach Galifianakis	1969	\N
2135	Mark Gantt	1968	\N
986	Gael García Bernal	1978	\N
698	Allen Garfield	1939	\N
109	Alex Garland	1970	\N
1145	Joel Marsh Garland	1975	\N
1670	Lee Garlington	1953	\N
407	Kathy Garver	1945	\N
2447	Tara Garwood	\N	\N
1184	Gustavo Garzón	1955	\N
1321	Yvan Gauthier	1969	\N
134	Gill Gayle	\N	\N
1313	Ari Graynor	1983	\N
297	Sasa Gedeon	1970	\N
1886	Tony Genaro	1942	2014
337	Sacha Gervasi	1966	\N
393	Paul Giamatti	1967	\N
617	Victor Ginzburg	1959	\N
2808	Rémy Girard	1950	\N
2283	Ron Glass	1945	2016
967	Dana H. Glazer	\N	\N
2087	Delphine Gleize	1973	\N
1051	Mark Goddard	1936	\N
1011	Richard Goldgewicht	1975	\N
626	Jonathan Goldstein	1969	\N
2909	Marina Golub	1957	2012
1841	Michel Gondry	1963	\N
796	Beibi Gong	\N	\N
487	Víctor González	\N	\N
1968	Milton Gonçalves	1933	\N
1809	Ginnifer Goodwin	1978	\N
780	Josh Gordon	\N	\N
1526	Joseph Gordon-Levitt	1981	\N
2482	Esther Goris	1963	\N
1847	David Goryl	\N	\N
1751	Ryan Gosling	1980	\N
2239	Raja Gosnell	1958	\N
1033	Luke Goss	1968	\N
696	Robert Gossett	1954	\N
2134	Andrew Goth	\N	\N
260	Dominic Gould	1964	\N
585	Topher Grace	1978	\N
2306	Angel Gracia	\N	\N
825	David Alan Graf	1959	\N
915	Gary Graham	1950	\N
1646	Jeff Dylan Graham	1983	\N
866	Lauren Graham	1967	\N
444	Holliday Grainger	1988	\N
1151	Carson Grant	1950	\N
1801	Bradley Rust Gray	\N	\N
2820	Steven Grayhm	1981	\N
2458	Michael Greco	1969	\N
569	David Gordon Green	1975	\N
207	Peter Greene	1965	\N
789	Luke Greenfield	1972	\N
30	Paul Greengrass	1955	\N
2534	Judy Greer	1975	\N
1324	Zena Grey	1988	\N
1846	Alister Grierson	\N	\N
941	Jon Gries	1957	\N
428	Eddie Griffin	1968	\N
216	Helen Griffin	1959	2018
1226	Leo Grillo	\N	\N
1158	Rupert Grint	1988	\N
2922	Daniel Grou	1967	\N
2016	Luca Guadagnino	1971	\N
1474	Robert Guillaume	1927	2017
498	Sienna Guillory	1975	\N
2906	Ronald Guttman	1952	\N
1793	Joyce Guy	1954	\N
2006	Jake Gyllenhaal	1980	\N
1706	Beto Gómez	1969	\N
2393	István Göz	1949	\N
778	Dean Haglund	1965	\N
2875	Szabolcs Hajdu	1972	\N
2300	G.B. Hajim	1966	\N
881	Hilbert Hakim	1961	\N
1035	Rebecca Hall	1982	\N
2707	Jason Hamer	\N	\N
1903	Tanya Hamilton	\N	\N
2438	Jon Hamm	1971	\N
1045	Jan Hammenecker	1968	\N
2018	Lisa Hammer	1967	\N
2940	Jim Hanks	1961	\N
182	Kadeem Hardison	1965	\N
2244	Robin Hardy	1929	2016
14	Tom Hardy	1977	\N
1932	Elisabeth Harnois	1979	\N
2609	Sam Harper	\N	\N
1527	Estelle Harris	1928	\N
947	Jared Harris	1961	\N
2130	Naomie Harris	1976	\N
2650	Trent Harris	1952	\N
2316	Wood Harris	1969	\N
1664	Anthony Harrison	1961	\N
42	Oliver Harrison	\N	\N
215	Jamie Harrold	\N	\N
873	Kevin Hart	1979	\N
402	Mark Belasco	1970	\N
1694	Ellie Harvie	1965	\N
2358	John Harwood	\N	\N
2838	William Haze	1966	2016
1381	Ramli Hassan	\N	2015
2947	John Hawkes	1959	\N
301	Megumi Hayashibara	1967	\N
1449	David C. Hayes	1971	\N
2836	Jimmy Hayward	\N	\N
1761	Kevin Heffernan	1968	\N
2464	Burke Heffner	\N	\N
1644	Matthijs van Heijningen Jr.	\N	\N
1907	Anthony Hemingway	\N	\N
634	Greg Hemphill	1969	\N
1403	Shirley Henderson	1965	\N
716	Michael P. Henning	\N	\N
1231	Marcel Hensema	1970	\N
974	John Herzfeld	\N	\N
1781	Doris Hick	\N	\N
2661	Todd Hickey	\N	\N
401	James D.R. Hickox	1965	\N
98	John Higbie	\N	\N
712	Torri Higginson	1969	\N
224	Marshal Hilton	\N	\N
1072	Tahvo Hirvonen	1955	\N
1030	Josie Ho	1974	\N
1018	Jake Hoffman	1981	\N
390	Emily Holmes	1977	\N
2460	Nicole Holofcener	1960	\N
2386	Tom Hooper	1972	\N
2602	Ákos Horváth	1968	\N
555	Serge Houde	1953	\N
1778	Danny Huston	1962	\N
546	Carice van Houten	1976	\N
1822	Bryce Dallas Howard	1981	\N
2121	Byron Howard	1968	\N
1243	Kevin Howarth	\N	\N
2797	Jan Hrusínský	1955	\N
2333	Patrick Huard	1969	\N
1674	Albert Hughes	1972	\N
1120	Allen Hughes	1972	\N
19	Jay Huguley	1966	\N
1304	Chris Hummel	1964	\N
1807	Charlie Hunnam	1980	\N
562	Sam Huntington	1982	\N
2606	Ryan Hurst	1976	\N
140	Amjad Hossain	1942	\N
2511	Faizal Hussein	1967	\N
1897	Pam Hyatt	1936	\N
1975	Rhys Ifans	1967	\N
67	Helena Ignez	1942	\N
2917	Mark Irish	1963	\N
1385	Giselle Itié	1982	\N
987	Ayumi Itô	1980	\N
1894	Javed Jaffrey	1963	\N
1891	Hugh Jackman	1968	\N
2584	Pat Jackson	1916	2011
802	Kevin James	1965	\N
1370	Miklós Jancsó	1921	2014
1103	Dong-Gun Jang	1972	\N
771	Conrad Janis	1928	\N
1641	Marcell Jankovics	1941	\N
292	Cliff Jenkins	\N	\N
2559	Patty Jenkins	1971	\N
1017	Richard Jenkins	1947	\N
212	Andrea Vagn Jensen	1965	\N
1201	Ashley Jensen	1969	\N
1752	Roland Joffé	1945	\N
757	Paul Johansson	1964	\N
1924	Scarlett Johansson	1984	\N
1581	Danny John-Jules	1960	\N
1571	Dakota Johnson	1989	\N
2758	Dwayne Johnson	1972	\N
2573	Kenny Johnston	1968	\N
2735	Sam Jones III	1983	\N
1615	Angela Jones	\N	\N
895	Eddie Jones	1937	\N
2210	Jo D. Jonz	\N	\N
2930	Gregor Jordan	1966	\N
2718	Michael B. Jordan	1987	\N
491	Billy Joseph	\N	\N
1695	Melanie Judd	\N	\N
623	Veeti Kallio	\N	\N
809	Pawan Kalyan	1971	\N
977	Jeff Kanew	1944	\N
1102	Pascal Kané	1946	\N
2943	Archie Kao	1969	\N
1015	Lawrence Kasanoff	1959	\N
1177	To Katinaki	\N	\N
1942	Cindy Katz	\N	\N
2214	Satish Kaushik	1956	\N
2047	Ingrid Kavelaars	1971	\N
1766	Elizabeth Keener	\N	\N
282	Stephanie Kellner	1975	\N
471	Brendan Kelly	1964	\N
2902	Jim Kelly	1960	\N
1141	Todd Kellstein	\N	\N
2164	Anna Kendrick	1985	\N
1031	Ken Kercheval	1935	\N
1704	Tony Kgoroge	\N	\N
645	Irrfan Khan	1967	\N
1460	Sanjay Khanna	\N	\N
2583	Vinod Khanna	1946	2017
1800	Andrey Kharitonov	1959	\N
2822	Anupam Kher	1955	\N
2843	Abbas Kiarostami	1940	2016
2473	Ford Kiernan	1962	\N
2162	Q'orianka Kilcher	1990	\N
166	Jaime King	1979	\N
568	Christopher Kirby	\N	\N
474	Ryûhei Kitamura	1969	\N
1040	Ina Paule Klink	1979	\N
621	Alexander Klymko	\N	\N
2363	R.J. Knoll	\N	\N
2056	Jodi Knotts	\N	\N
2923	Beyoncé	1981	\N
2939	Takeshi Kobayashi	1959	\N
353	Sebastian Koch	1962	\N
2800	Oja Kodar	1941	\N
1945	Frederick Koehler	1975	\N
1227	Gary Kohn	\N	\N
2498	Andrey Konchalovskiy	1937	\N
255	Fran Kranz	1981	\N
432	Tina Krause	1970	\N
132	Suri Krishnamma	1961	\N
485	Bern Kubiak	\N	\N
2837	Roger Kumble	1966	\N
1601	Ryan Kwanten	1976	\N
1830	David La Haye	1966	\N
1326	Patti LaBelle	1944	\N
740	Shia LaBeouf	1986	\N
1134	Thiago Lacerda	1978	\N
1407	Luke LaFontaine	\N	\N
2043	Paul Lambert	1922	1997
1754	Juliet Landau	1965	\N
1016	Pedro Lander	1954	\N
1050	Gregory J. Lanesey	\N	\N
2111	Liza Lapira	\N	\N
217	José Ramón Larraz	1929	2013
1152	Robert LaSardo	1963	\N
1393	Laura Lattuada	1960	\N
84	Dan Lauria	1947	\N
1628	Ed Lauter	1938	2013
12	John Phillip Law	1937	2008
2256	Scott Leberecht	\N	\N
2706	Franck Leboeuf	1968	\N
256	Laurence Leboeuf	1985	\N
22	Erwin Leder	1951	\N
953	John Lee	\N	\N
2601	Will Yun Lee	1971	\N
151	Lisa Leeman	\N	\N
575	Claude Legault	1963	\N
657	Dave Legeno	1963	2014
2442	Michael Lembeck	1948	\N
472	Steve Lemme	1968	\N
66	Ferenc Lengyel	1961	\N
883	Melissa Leo	1960	\N
2938	Jacqueline Leonard	1967	\N
536	Stephanie Leonidas	1984	\N
345	Logan Lerman	1992	\N
2060	Louis Leterrier	1973	\N
1965	Roland Lethem	1942	\N
1853	François Levantal	1960	\N
538	Chris Levitus	\N	\N
1684	Liron Levo	1972	\N
1075	Shawn Levy	1968	\N
690	Geoffrey Lewis	1935	2015
2582	Jason Lewis	1971	\N
2387	Demian Lichtenstein	\N	\N
653	Robert Lieberman	\N	\N
1055	Shad Moss	1987	\N
2123	Walter Lima Jr.	1938	\N
463	Doug Liman	1965	\N
2598	Greg Lindsay	\N	\N
2350	Ian Lithgow	1972	\N
1750	Oliver Litondo	\N	\N
2636	Dwight H. Little	1956	\N
2941	Hannah Lochner	1993	\N
193	Lindsay Lohan	1986	\N
2218	António Loja Neves	1953	2018
726	Kristanna Loken	1979	\N
746	Jeremy London	1972	\N
1274	Kenneth Lonergan	1962	\N
1307	Eva Longoria	1975	\N
2538	Robert Longstreet	\N	\N
2492	Luisana Lopilato	1987	\N
2122	Bonnie Loren	\N	\N
174	Susanne Lothar	1960	2012
1438	Guy J. Louthan	\N	\N
44	Nick Love	1969	\N
2662	Declan Lowney	1960	\N
1380	Lynn Lowry	1947	\N
1804	Marcel Lozinski	1940	\N
2886	Josh Lucas	1971	\N
2872	Federico Luppi	1934	2017
329	Luis Luque	1956	\N
1981	Rod Lurie	1962	\N
2414	Jane Lynch	1960	\N
711	Richard Lynch	1940	2012
425	Kevin Macdonald	1967	\N
1062	Zezé Macedo	1916	1999
943	Matthew Macfadyen	1974	\N
717	Zécarlos Machado	1950	\N
981	Sérgio Machado	1968	\N
1229	Luis Machín	1968	\N
2448	Alison MacInnis	1980	\N
2840	Steven Mackintosh	1967	\N
1065	James Madio	1975	\N
865	Nuria Madruga	1980	\N
2041	Mahiro Maeda	1963	\N
1780	Mía Maestro	1978	\N
1096	George Maguire	1946	\N
586	Sergey Makovetskiy	1958	\N
81	Joseph Malerba	1962	\N
1535	Judith Malina	1926	2015
1029	Fanny Mallette	1975	\N
1902	Jena Malone	1984	\N
20	Kevin Mambo	1972	\N
1270	Luis Mancini	\N	\N
2868	Costas Mandylor	1965	\N
431	Louis Mandylor	1966	\N
1835	Jonathan Mangum	1971	\N
315	Ethan Maniquis	\N	\N
1576	Gabriel Mann	1972	\N
1718	Taryn Manning	1978	\N
2539	Marietta Marich	1930	2017
1267	Ken Marino	1968	\N
1341	Ronnie Marmo	\N	\N
2378	Matthew Marsden	1973	\N
1123	Neil Marshall	1970	\N
170	Pamela Sue Martin	1953	\N
157	Margo Martindale	1951	\N
636	Mariano Martínez	1978	\N
284	Leone Marucci	\N	\N
1181	Elizabeth Marvel	1969	\N
2431	Masayuki	1961	\N
2026	David Mattey	1969	\N
1143	Charles Matthau	1962	\N
2634	Carmen Maura	1945	\N
898	Derrel Maury	1954	\N
2280	Sal Mazzotta	1964	\N
482	James McAvoy	1979	\N
731	Steve McClure	\N	\N
1358	Jeff McCredie	\N	\N
1180	Paul McEwan	1970	\N
1870	Tom McGrath	1964	\N
1369	Joel McHale	1971	\N
1908	Lonette McKee	1954	\N
803	Lindsey McKeon	1982	\N
1895	Kevin McKidd	1973	\N
2626	Sean McNamara	1962	\N
730	Gerald McRaney	1947	\N
364	Graham McTavish	1961	\N
2337	Taylor Mead	1924	2013
602	Joey Medina	\N	\N
1877	Jonas Mekas	1922	\N
2869	Selton Mello	1972	\N
729	Oleg Menshikov	1960	\N
2459	Stephen Merchant	1974	\N
595	Simon Merrells	1965	\N
2434	Jesse Metcalfe	1978	\N
333	Aaron Michael Metchik	1980	\N
1464	Jason Mewes	1974	\N
462	Bob Meyer	\N	\N
41	Lea Michele	1986	\N
344	Radu Mihaileanu	1958	\N
2024	Nikita Mikhalkov	1945	\N
1697	Nadezhda Mikhalkova	1986	\N
1111	Frank Miller	1957	\N
576	Rolando Millet	\N	\N
1742	Rob Minkoff	1962	\N
1794	Nestor Miranda	\N	\N
2286	John Cameron Mitchell	1963	\N
1725	Mike Mitchell	\N	\N
1861	Radha Mitchell	1973	\N
1842	Yûko Miyamura	1972	\N
862	Mo McRae	1982	\N
2364	Antonio Molero	1968	\N
1355	Jason Momoa	1979	\N
677	Sophie Monk	1979	\N
47	Mandy Moore	1984	\N
2299	Nick Moran	1969	\N
218	Yolande Moreau	1953	\N
2351	Jeffrey Dean Morgan	1966	\N
398	Trevor Morgan	1986	\N
1059	Darya Moroz	1983	\N
1920	Jennifer Morrison	1979	\N
312	Glenn Morshower	1959	\N
1834	Cynthia Mort	1956	\N
1320	Samantha Morton	1977	\N
594	Bill Moseley	1951	\N
1234	Alain Moussay	\N	\N
738	Zoltán Mucsi	1957	\N
599	Kornél Mundruczó	1975	\N
2346	Michael Muhney	1975	\N
359	John Mulholland	\N	\N
963	David Mun	\N	\N
2432	Donna Murphy	1959	\N
1404	Ryan Murphy	1965	\N
1893	Mark Mylod	\N	\N
158	Ron Myrick	\N	\N
2835	Ulrich Mühe	1953	2007
652	Ajay Naidu	1972	\N
924	Govind Namdeo	1954	\N
2703	Igal Naor	1958	\N
275	Arthur J. Nascarella	1944	\N
1991	Nassar	1958	\N
1469	Agathe Natanson	1946	\N
1955	Demetrius Navarro	\N	\N
1384	Antonio Negret	1982	\N
2819	Stepan Nercessian	1953	\N
2852	Jaime Ray Newman	1978	\N
2612	Dustin Nguyen	1962	\N
2445	Nichelle Nichols	1932	\N
968	Rachel Nichols	1980	\N
1036	Bill Nighy	1949	\N
1610	Cynthia Nixon	1966	\N
461	John Noble	1948	\N
1923	Christopher Nolan	1970	\N
1230	Eduardo Noriega	1973	\N
1398	Zack Norman	1940	\N
1360	Noomi Rapace	1979	\N
913	Michael Nouri	1945	\N
2595	Cyrus Nowrasteh	1956	\N
1956	Phillip Noyce	1950	\N
1899	Glynnis O'Connor	1955	\N
2367	Tim O'Connor	1927	2018
1240	Judith O'Dea	1945	\N
465	Granvile O'Neal	\N	\N
2480	Jesús Ochoa	1959	\N
2762	Paula van der Oest	1965	\N
464	Megumi Ogata	1965	\N
1348	Kevin 'ohGr' Ogilvie	1962	\N
613	Daniel Olbrychski	1945	\N
820	Jorge Olguín	\N	\N
2092	Christian Oliver	1972	\N
316	Christopher Olness	\N	\N
2853	Elizabeth Olsen	1989	\N
1881	Eric Christian Olsen	1977	\N
1966	Timothy Olyphant	1968	\N
1898	Jaymee Ong	1979	\N
309	Evan Oppenheimer	\N	\N
1979	Holmes Osborne	1947	\N
1668	Jeff Osterhage	1953	\N
79	Götz Otto	1967	\N
1629	Kelly Overton	1978	\N
861	Clive Owen	1964	\N
2681	David Oyelowo	1976	\N
262	Francesco Pahlevan	1961	\N
235	Ron Palillo	1949	2012
1879	Sudhanshu Pandey	\N	\N
2157	Matthew D. Panepinto	\N	\N
2039	Hayden Panettiere	1989	\N
558	Vanessa Paradis	1972	\N
1832	Ray Park	1974	\N
1028	Michael Parks	1940	2017
349	Vincent Pastore	1946	\N
863	Butch Patrick	1953	\N
842	Scott Patterson	1958	\N
469	Aaron Paul	1979	\N
1775	Christiane Paul	1974	\N
764	Alexander Payne	1961	\N
233	Eric Payne	\N	\N
1551	Simon Pegg	1970	\N
2102	Oana Pellea	1962	\N
1836	Mark Pellegrino	1965	\N
611	Michael Peña	1976	\N
1421	Kal Penn	1977	\N
549	Ricardo Pereira	1979	\N
2110	Lee Perkins	1966	\N
1669	Sean Pertwee	1964	\N
2089	Paul Petersen	1945	\N
1347	Carla Peterson	1974	\N
768	Florencia Peña	1974	\N
2555	Richard Philipps	\N	\N
2757	Ethan Phillips	1955	\N
430	Wendell Pierce	1963	\N
1607	Rosamund Pike	1979	\N
1542	Michael A. Pinckney	\N	\N
1277	Roddy Piper	1954	2015
2829	Violante Placido	1976	\N
670	Jesse Plemons	1988	\N
2768	Bill Pohlad	\N	\N
1996	Jon Polito	1950	2016
752	Michael J. Pollard	1939	\N
2701	Aaron Poole	\N	\N
2937	Linda Porter	1933	\N
2309	Tyrone Power Jr.	1959	\N
1175	Chris Pratt	1979	\N
2476	Molly Price	1966	\N
929	Maitê Proença	1958	\N
404	Pavlina Proevska	\N	\N
501	Martin Provost	1957	\N
250	Jenni Pulos	1973	\N
784	Maggie Q	1979	\N
566	Brandon Quinn	1977	\N
2659	Vijay Raaz	\N	\N
709	Daniel Radcliffe	1989	\N
1624	Michael Radford	1946	\N
247	Heather Rae	1966	\N
535	Chris Raffaele	1969	\N
1294	Douglas A. Raine	1958	\N
1238	Alyssa Rallo Bennett	1960	\N
633	Marisa Ramirez	1977	\N
334	Ron Randell	1918	2005
1523	Brett Ratner	1969	\N
2934	Paresh Rawal	1950	\N
1094	Lisa Ray	1972	\N
2395	Tania Raymonde	1988	\N
1224	Aurélien Recoing	1958	\N
2148	Peyton Reed	1964	\N
999	Nicolas Winding Refn	1970	\N
1190	Jeremy Renner	1971	\N
767	Antonio Resines	1954	\N
2804	Francisco Reyes	1954	\N
1008	Greg Rhodes	\N	\N
69	Jordan Rhodes	1939	\N
241	Matthew Rhys	1974	\N
2098	John Rhys-Davies	1944	\N
1650	Marco Ricca	1962	\N
1216	Brett Rice	1954	\N
1476	Ron Rice	1935	1964
1543	Cameron Richardson	1979	\N
420	Shane Richie	1964	\N
2412	Branscombe Richmond	1955	\N
289	Julia Richter	1970	\N
2793	Adam Rickitt	1978	\N
1179	Peter Riegert	1947	\N
2443	Sue Rihr	1954	2009
1904	Bridgett Riley	1973	\N
2433	Sam Riley	1980	\N
89	Patricio Riquelme	\N	\N
1436	Mukesh Rishi	1956	\N
2231	Michael Rispoli	1960	\N
900	Justin Paul Ritter	\N	\N
1993	Patricia Rivadeneira	1964	\N
231	Bret Roberts	\N	\N
2429	Elizabeth Roberts	\N	\N
163	Emma Roberts	1991	\N
294	Nia Roberts	1972	\N
1651	Veronica Roberts	\N	\N
1426	Bruce Robinson	1946	\N
2483	Todd Robinson	\N	\N
1749	Jorge Rocca	\N	\N
1399	Jean Rochefort	1930	2017
1883	Anton Rodgers	1933	2007
494	Adam Rodriguez	1975	\N
603	Michelle Rodriguez	1978	\N
2328	John Roecker	1966	\N
1378	Seth Rogen	1982	\N
982	Elisabeth Röhm	1973	\N
2304	Stephen Root	1951	\N
2615	Marcio Rosario	1971	\N
2919	Felissa Rose	1969	\N
1692	George Marshall Ruge	1952	\N
2891	Rudi Rosenberg	\N	\N
2717	Gaylen Ross	1950	\N
980	Leo Rossi	1946	\N
1473	Norman Rossington	1928	1999
1432	Eduardo Rossoff	\N	\N
43	Robert Rothbard	\N	\N
2613	Todd Rotondi	1974	\N
2753	Richard Roundtree	1942	\N
268	Brandon Routh	1979	\N
2879	Richard Roxburgh	1962	\N
917	Andre Royo	1968	\N
827	Paul Rudd	1969	\N
2322	Sara Rue	1979	\N
1458	Belén Rueda	1965	\N
78	Mark Ruffalo	1967	\N
159	Raoul Ruiz	1941	2011
2463	Josef Rusnak	1958	\N
293	Christopher Russell	1983	\N
2099	David O. Russell	1958	\N
1569	James Russo	1953	\N
2568	Charles Rydell	1926	2018
2406	Zoltán Rátóti	1960	\N
357	S.J. Surya	\N	\N
147	Catalina Saavedra	1968	\N
1217	Letícia Sabatella	1972	\N
2372	Janina Sachau	1976	\N
440	Alex Safi	\N	\N
1084	Thomas Sagols	1985	\N
1208	Garret Sato	1964	\N
1129	Maaya Sakamoto	1980	\N
1582	Zoe Saldana	1978	\N
681	Walter Salles	1956	\N
1544	Paul Sampson	\N	\N
926	Chris Sanders	1962	\N
1068	Rodrigo Santoro	1975	\N
1459	Miguel Sapochnik	1974	\N
1167	Valeria Sarmiento	1948	\N
1741	Peter Sarsgaard	1971	\N
1259	Will Sasso	1975	\N
674	Tom Savini	1946	\N
1762	Sharat Saxena	1950	\N
871	Don Scardino	1949	\N
1480	Romano Scavolini	1940	\N
762	Tom Schanley	1961	\N
1439	Thomas Scharff	1970	\N
2317	John Scheinfeld	\N	\N
1388	Paul Scheuring	1968	\N
1461	Martin Starr	1982	\N
183	Paul Schneider	1976	\N
2487	Kent Victor Schuelke	1963	\N
2867	J. Neil Schulman	1953	\N
492	Robert Schwentke	1968	\N
1002	Hege Schøyen	1957	\N
1679	Edith Scob	1937	\N
1665	Tom Everett Scott	1970	\N
2169	Angus Scrimm	1926	2016
1069	Jon Seminara	\N	\N
1769	Raima Sen	1979	\N
2219	Dominic Sena	1949	\N
2551	Jack Serino	\N	\N
904	Sean Serino	\N	\N
710	Andy Serkis	1964	\N
258	Nestor Serrano	1955	\N
452	Gen Seto	1955	\N
2347	Brendan Sexton III	1980	\N
2632	Kashmira Shah	1971	\N
686	Michael Shannon	1974	\N
1690	Tristram Shapeero	1966	\N
673	Morgana Shaw	1962	\N
735	Michael Sheen	1969	\N
530	Tiffany Shepis	1979	\N
2604	Jimmy Sheirgill	1970	\N
475	Zachary Ray Sherman	1984	\N
614	Linda Shing	\N	\N
2319	M. Night Shyamalan	1970	\N
2360	Floria Sigismondi	1965	\N
2072	Charlotte Silvera	\N	\N
1556	John Simm	1970	\N
1187	Malcolm Sinclair	1950	\N
2035	Isaac C. Singleton Jr.	\N	\N
2452	Annette Sjursen	1979	\N
2221	George Sluizer	1932	2014
467	Jack Smith	1932	1989
1869	Riley Smith	1978	\N
2155	Samantha Smith	1969	\N
983	J. Smith-Cameron	\N	\N
2611	Brittany Snow	1986	\N
1803	Zack Snyder	1966	\N
60	Carlota Sosa	1957	\N
1322	Paul Soter	1969	\N
2301	Douglas Spain	1974	\N
651	Rick Spalla	1967	\N
1959	Will Speck	\N	\N
1309	Abigail Spencer	1981	\N
732	Jane Spencer	\N	\N
2029	Spice Williams-Crosby	1952	\N
290	Jaap Spijkers	1958	\N
1305	Simone Spoladore	1979	\N
343	Kim St. Leon	\N	\N
2623	Daniel St. Pierre	1961	\N
1561	Anthony Stacchi	\N	\N
2101	Donald Standen	\N	\N
1252	Robert Stanton	1963	\N
2874	Bonnie Steiger	\N	\N
560	Uwe Steimle	1963	\N
1200	Kriv Stenders	\N	\N
2344	Robert W. Sterrett III	\N	\N
2338	Ray Stevenson	1964	\N
2782	Kristen Stewart	1990	\N
1600	Scott Stewart	\N	\N
1686	Ed Stoppard	1974	\N
2136	Charlie Stratton	\N	\N
1616	Larry Strauss	\N	\N
1353	Yale Strom	1957	\N
2230	Evan Strome	\N	\N
903	Mark Strong	1963	\N
2293	Rider Strong	1979	\N
2638	Michael Stuhlbarg	1968	\N
597	Jim Sturgess	1978	\N
1703	Jason Sudeikis	1975	\N
1636	Alison Sudol	1984	\N
2560	Garik Sukachyov	1959	\N
211	Tim Sullivan	1964	\N
1077	Cree Summer	1969	\N
1513	Ethan Suplee	1976	\N
1509	Sanjay Suri	1971	\N
2527	Tilda Swinton	1960	\N
7	Alan Swyer	\N	\N
798	Kyrre Haugen Sydness	\N	\N
951	Verónica Sánchez	1977	\N
1100	Cary-Hiroyuki Tagawa	1950	\N
373	Karen Teliha	1949	\N
2501	Charlie Talbert	1978	\N
2536	Yôko Tani	1928	1999
2175	Gerardo Taracena	1970	\N
481	Genndy Tartakovsky	1970	\N
2873	Holland Taylor	1943	\N
1520	Meshach Taylor	1947	2014
2760	Steve Taylor	\N	\N
101	Sam Taylor-Johnson	1967	\N
2773	Andy Tennant	1955	\N
1702	Terracino	1969	\N
248	John Terry	1950	\N
386	Byron Thames	1969	\N
1198	Ole Thestrup	1948	2018
1963	Eddie Kaye Thomas	1980	\N
1390	Ernest Thomas	1950	\N
1971	Larry Thomas	\N	\N
1579	Brian Thompson	1959	\N
1745	Monte Thompson	\N	\N
2284	Ulrich Thomsen	1963	\N
2913	Brad Thornton	\N	\N
2508	Lung Ti	1946	\N
2163	Andrew Tiernan	1965	\N
2597	Corbin Timbrook	\N	\N
2668	Ashley Tisdale	1985	\N
776	Jake Torem	\N	\N
2608	Waldemar Torenstra	1974	\N
1989	Katie Torpey	1969	\N
637	Fina Torres	1951	\N
2570	Christian Tramitz	1955	\N
520	Steve Trenbirth	\N	\N
1491	Tom Troupe	1928	\N
835	Donald Trump	1946	\N
1817	Kazuya Tsurumaki	1966	\N
1373	Clark Tufts	\N	\N
1622	Tamara Tunie	1959	\N
911	Jerry Turner	1972	\N
1350	Richard Tyson	1961	\N
937	Fred Ulysse	\N	\N
2519	Lee Unkrich	1967	\N
2140	Karl Urban	1972	\N
1254	Julian Scott Urena	\N	\N
2571	Thaelman Urgelles	1948	\N
1166	Fanny Valette	1986	\N
459	James Vallo	\N	\N
1506	Jean-Marc Vallée	1963	\N
628	Louis Vanaria	\N	\N
1275	Toni Vanzolini	\N	\N
1575	Juan Carlos Vargas	1968	\N
1345	Razvan Vasilescu	1954	\N
2880	Andi Vasluianu	1974	\N
1884	Alexa PenaVega	1988	\N
2772	Pascal Verdosci	\N	\N
2343	James C. Victor	\N	\N
1499	Ângela Vieira	1952	\N
2205	Cerina Vincent	1979	\N
1325	Elyseu Visconti	1939	\N
2486	Tony Vitale	1964	\N
1343	Lenka Vlasáková	1972	\N
2907	Ilia Volok	1964	\N
2339	Hamilton von Watts	1972	\N
1640	Václav Vorlícek	1930	\N
2262	Andrucha Waddington	1970	\N
51	Christine Wagner	1963	\N
2790	Robert Walden	1943	\N
1009	Randall Wallace	1949	\N
2859	Dee Wallace	1948	\N
669	José Wallenstein	1959	\N
2391	Anthony Waller	1959	\N
2776	Vincent Walsh	1972	\N
650	Stephen Walters	\N	\N
1675	Christoph Waltz	1956	\N
1592	Patrick Warburton	1964	\N
2296	Michael Warren	1946	\N
1614	Kerry Washington	1977	\N
561	Ken Watanabe	1959	\N
340	Polly Watkins	\N	\N
2161	Emma Watson	1990	\N
742	Naomi Watts	1968	\N
1568	Heather Marie Marsden	\N	\N
2543	Blayne Weaver	1976	\N
1688	Jacki Weaver	1947	\N
1730	Hugo Weaving	1960	\N
2491	Chris Wedge	1957	\N
2170	Morgan Weisser	1971	\N
421	Paul Weitz	1965	\N
1452	Dominic West	1969	\N
13	Simon West	1961	\N
927	Eric Weston	\N	\N
437	Joss Whedon	1964	\N
2727	Ben Whishaw	1980	\N
382	Michael Jai White	1967	\N
552	Margaret Whitton	1949	2016
103	Tom Wilkinson	1948	\N
766	Branden Williams	1974	\N
117	Ian Patrick Williams	\N	\N
2502	Tod Williams	1968	\N
2059	Michelle Williams	1980	\N
1470	Scot Williams	1972	\N
1699	Zelda Williams	1989	\N
872	Patrick Wilson	1973	\N
1135	Philip Winchester	1981	\N
2229	Gary Winick	1961	2011
1140	Michael Winslow	1958	\N
2692	Mary Elizabeth Winstead	1984	\N
2118	Ray Winstone	1957	\N
1013	Michael Winterbottom	1961	\N
1515	Dean Winters	1964	\N
1038	Andreas Wisniewski	1959	\N
1648	Richard Wolstencroft	1969	\N
1148	Benedict Wong	1970	\N
2312	Mirta Wons	\N	\N
1368	Jeremy Wooding	1969	\N
522	Shailene Woodley	1991	\N
165	Eric Scott Woods	1967	\N
932	Sam Worthington	1976	\N
1811	Edgar Wright	1974	\N
2569	Ian Wright	1963	\N
16	Jeffrey Wright	1965	\N
266	Joe Wright	1972	\N
299	Tom Wright	1952	\N
1552	Daniel Wu	1974	\N
1412	Mariana Ximenes	1981	\N
510	Don Yanan	1951	\N
2639	David Yates	1963	\N
2563	Jason Yee	1970	\N
1637	Mikhail Efremov	1963	\N
1339	Anton Yelchin	1989	2016
1559	Burt Young	1940	\N
2641	Robert Young	1933	\N
91	Ron Yuan	1973	\N
205	Jenna Colby	1981	\N
1634	Chuck Zito	1953	\N
515	István Znamenák	1966	\N
601	Genevieve Zweig	\N	\N
172	Jay Bluemke	\N	\N
31	Darren Geare	1977	\N
1826	Lia Pokorny	1971	\N
1880	Daniel De Felippo	1972	\N
2250	Brian Taylor	\N	\N
115	Álvaro Rosa Costa	\N	\N
2503	Jeanette Roxborough	\N	\N
2846	Steve Dineen	\N	\N
1860	Griff Furst	1981	\N
1604	Patricia Rae	\N	\N
2359	Christine Beebe	\N	\N
162	Mike Erwin	1978	\N
1930	Arjun Rampal	1972	\N
804	Derek Minter	\N	\N
2430	Jim Jermanok	\N	\N
583	Gladys Rose	\N	\N
1856	Lilla Sárosdi	1976	\N
2674	Dominic Cooper	1978	\N
799	Juan Falcón	1965	\N
2449	Harry 'Doc' Kloor	\N	\N
846	Kantz	\N	\N
2158	Dax Shepard	1975	\N
362	Dain Said	\N	\N
2402	Orsolya Török-Illyés	1977	\N
544	Patrick Franklin	\N	\N
2864	Leighton Meester	1986	\N
1919	Corey Stoll	1976	\N
2848	Juno Temple	1989	\N
384	Nicole Paggi	1977	\N
26	Ramin Bahrani	1975	\N
2942	Rosie Fellner	1978	\N
2228	John Krasinski	1979	\N
887	Mei Melançon	1980	\N
2806	Alex Roe	1990	\N
993	Tetsuji Tamayama	1980	\N
1377	Farhan Akhtar	1974	\N
223	Ágnes Kocsis	1971	\N
1889	Clayton Nemrow	1965	\N
1356	Zsolt Nagy	1976	\N
2817	Juan Carlos García	1971	\N
232	James Lee Martinec	1981	\N
2279	Mike Vogel	1979	\N
2334	Mark Whittington	\N	\N
2619	Rachel Boston	1982	\N
502	Cristina Plazas	1969	\N
2450	Tim Draxl	1981	\N
1896	Brandon T. Jackson	1984	\N
2565	Shun Oguri	1982	\N
1332	Pramode Kumar	1965	\N
1124	Skyler Stone	1979	\N
1851	Rachel Sterling	1979	\N
1188	Barbara Cabrita	1982	\N
1073	Rohan Nichol	1976	\N
1913	Luke Ford	1981	\N
2308	Christy Patrick	\N	\N
1257	Michael Fassbender	1977	\N
1772	Robert Richard Jorge	\N	\N
476	Clyde Tull	1946	\N
1529	Dragos Bucur	1977	\N
693	G.J. Echternkamp	\N	\N
1962	Scoot McNairy	1977	\N
1671	Vivek Oberoi	1976	\N
2236	Michael Sorensen	1978	\N
847	Nicholl Hiren	\N	\N
728	Erick Nathan	\N	\N
2915	Kathryn Hahn	1973	\N
1789	Michael Callahan	1981	\N
2217	James Aaron Oliver	1974	\N
2114	Phil Donlon	\N	\N
210	Stana Katic	1978	\N
189	John F. Schaffer	\N	\N
1673	Eugenia Yuan	\N	\N
1740	M.J. Bassett	\N	\N
2664	Sam Logan Khaleghi	1983	\N
2335	Igor Cotrim	1974	\N
265	Allen Wolf	1970	\N
1323	Gustavo Giannini	1968	\N
2112	Steve Becker	\N	\N
1931	West Liang	\N	\N
2227	George VanBuskirk	1971	\N
2815	Megan Fox	1986	\N
2313	Kevin Munroe	\N	\N
1603	Lou Taylor Pucci	1985	\N
2405	Amanda Seyfried	1985	\N
2694	Kyle Lupo	1981	\N
58	Julia Dietze	1981	\N
2353	Tom Hiddleston	1981	\N
2021	Denzel Whitaker	1990	\N
1567	David Harbour	1975	\N
2380	Kent Harper	\N	\N
1788	Sienna Miller	1981	\N
1524	Brian Percival	\N	\N
1401	Aaron Taylor-Johnson	1990	\N
2802	Stephen Marshall	\N	\N
269	Duane Allen Humeyestewa	\N	\N
2209	Eric Godon	1959	\N
273	Dennis Ward	\N	\N
1001	Christopher Mann	1964	\N
787	Anup Jalota	1953	\N
283	Yan Ni	1971	\N
1909	Davi de Oliveira Pinheiro	1979	\N
244	Anthony Mackie	1978	\N
1161	David Lee Rawlings	1958	\N
2780	Blaze Kelly Coyle	1972	\N
2653	Florian Teichtmeister	1979	\N
2311	Douglas S. Younglove	\N	\N
1365	Dale Stelly	1974	\N
1098	Rob Corddry	1971	\N
2377	Dilip Joshi	1968	\N
1565	Colin Trevorrow	1976	\N
2076	Ben Curtis	1980	\N
507	Leonard Earl Howze	\N	\N
2723	Maria João Bastos	1975	\N
2070	Kiti Kokkonen	1974	\N
1722	Greg Coale	1951	2018
356	Jenny Dare Paulin	\N	\N
1220	Simeon Halligan	1967	\N
612	Jim Issa	\N	\N
188	Giovonnie Samuels	1985	\N
2456	Andy Waldschmidt	\N	\N
73	Frank Alvarez	\N	\N
2297	John Anton	1969	\N
1290	Roger Lim	1968	\N
1619	Mark Halfmoon	\N	\N
2355	Chris Shadley	1975	\N
1417	Aaron Aguilera	1977	\N
39	Iva La'Shawn	\N	\N
2058	Michael Bergmann	\N	\N
2721	Jason Waugh	1968	\N
553	Joe Knee	\N	\N
1516	Matthew Gray Gubler	1980	\N
28	Agim Kaba	1980	\N
1107	Michael Mosley	1978	\N
56	Kathleen Rose Perkins	1974	\N
989	Rupert Evans	1976	\N
1553	Paul Sanderson	\N	\N
1209	Patrick J. Adams	1981	\N
1605	Ryan Combs	1974	\N
2117	Sterling Walbrook	\N	\N
144	Corey Large	1975	\N
24	Alejandro Chomski	1968	\N
2005	Tibor Gáspár	1957	\N
2040	Khary Payton	1972	\N
2000	Dan Poole	\N	\N
116	James E. Foley	1983	\N
1316	Ava DuVernay	1972	\N
2726	Colin Egglesfield	1973	\N
540	Matthew J. Pellowski	1979	\N
749	Zachary Levi	1980	\N
1076	Michelle Monaghan	1976	\N
1765	Miguel Rodarte	1971	\N
2266	Julio Bove	1954	\N
1855	Christina Caparoula	\N	\N
2100	Xavier Gens	1975	\N
2194	Chris Hemsworth	1983	\N
2086	T.R. Knight	1973	\N
754	Naturi Naughton	1984	\N
654	Al Liner	\N	\N
62	Maria Bertrand	1975	\N
581	Joel Kinnaman	1979	\N
1840	Daniel Espinosa	1977	\N
2910	Aarti Chhabria	1982	\N
688	Juvenile	1975	\N
2396	Sadie Pickering	1986	\N
2698	Natalia Vodianova	1982	\N
960	Seu Jorge	1970	\N
76	Rajnish Thakur	\N	\N
2532	Erik de Castro	1971	\N
2561	Lynn Chen	1976	\N
2594	Samantha Streets	\N	\N
2481	Leigh Whannell	1977	\N
1244	Maggie Grace	1983	\N
2774	Stevie Long	1972	\N
1269	Mark Kelly	1973	\N
1672	Sukhwant Dhadda	\N	\N
859	Alpesh Patel	\N	\N
149	Darren Keefe Reiher	1975	\N
829	Marcus Nispel	1963	\N
424	Murali Nagavally	1955	2014
38	Eva Green	1980	\N
2581	Géla Babluani	1979	\N
2628	Bence Miklauzic	1970	\N
1911	Caspar Zafer	\N	\N
194	Oscar Isaac	1979	\N
2352	Stephanie Szostak	\N	\N
2103	Lynn Collins	1977	\N
1937	Ravi Kumar	1971	\N
2605	Christian Ulmen	1975	\N
2374	Ryan Hansen	1981	\N
2165	Michelle Borth	1978	\N
2310	Susan Motamed	\N	\N
1796	Rob Letterman	\N	\N
2470	Vanessa Hudgens	1988	\N
2524	Victoria Maurette	1982	\N
106	Priyanka Chopra	1982	\N
1202	Konkona Sen Sharma	1979	\N
908	Sylvain White	\N	\N
1999	Ande Cira	\N	\N
697	Frankie J. Mosca	\N	\N
1560	Daniel Ball	1977	\N
2453	Amanda Troop	\N	\N
1376	Josh Hutcherson	1992	\N
598	Oskar Santos	1972	\N
1732	Sara Foster	1981	\N
836	Brian Patrick Collins	\N	\N
279	Gina Holden	1975	\N
1735	Marcelo Laffitte	1963	\N
2714	Sérgio Bezerra	\N	\N
1649	Deirdre Lorenz	\N	\N
678	Jon Bernthal	1976	\N
2225	Gordon Alexander	\N	\N
781	Daniel Curtis Lee	1991	\N
2398	Danielle Panabaker	1987	\N
1328	Josh Gad	1981	\N
423	Tamer Hassan	1968	\N
1115	Roberto 'Sanz' Sanchez	1965	\N
1337	Mónica Cruz	1977	\N
2920	Andrew Getty	1967	2015
958	Alexandra Daddario	1986	\N
2267	Jeremy Garelick	1975	\N
208	Melanie Orr	\N	\N
1193	Michael A. Pierce	\N	\N
1477	Silvia Colloca	1977	\N
141	F. Javier Gutiérrez	1973	\N
2368	Alfredo Narciso	\N	\N
130	Mikko Leppilampi	1978	\N
1026	Meredith Ostrom	1977	\N
1405	Emily Blunt	1983	\N
1627	Maya Parish	\N	\N
397	Vincent Foster	1969	\N
991	Ellar Coltrane	1994	\N
1139	Michael Spierig	\N	\N
1917	Peter Spierig	\N	\N
736	Ben Wheatley	1972	\N
2177	Robin de Jesus	1984	\N
267	Emma Stone	1988	\N
2025	Eddie Guerra	\N	\N
1291	Adil Hussain	\N	\N
2150	Sofie Norman	\N	\N
1700	Max Thieriot	1988	\N
1514	John Abraham	1972	\N
70	Stephen Campbell Moore	1979	\N
1717	Charles Randolph-Wright	\N	\N
1442	Jennifer Siebel Newsom	1974	\N
2645	Brian Geraghty	1975	\N
879	Bowie Sims	\N	\N
1839	Olivia Wilde	1984	\N
383	Juan Blasi	\N	\N
506	Saul Dibb	1968	\N
1727	Tannishtha Chatterjee	\N	\N
2882	Prakriti Maduro	\N	\N
949	James Felix McKenney	1968	\N
281	Mads Koudal	1977	\N
936	Jana Kramer	1983	\N
441	Kristen Wiig	1973	\N
1974	Tristan Patterson	\N	\N
3	Shriya Saran	1982	\N
64	Elika Crespo	1976	\N
1770	Kim Sønderholm	1973	\N
2468	Garrett Hedlund	1984	\N
2325	Ross Danielson	\N	\N
1536	Don Wood	\N	\N
1299	São José Correia	1974	\N
1472	Erik White	\N	\N
1533	Gregory Wooddell	\N	\N
1782	Martiros Vartanov	\N	\N
1489	Ty Simpkins	\N	\N
1211	Kelly McCracken	\N	\N
2246	Ricky Whittle	1981	\N
1705	Eszter Bánfalvi	1979	\N
1109	Matthieu Chedid	1971	\N
2898	Skandar Keynes	1991	\N
701	Heather Joy Budner	1979	\N
1995	Edi Gathegi	1979	\N
1583	Francis Lawrence	1971	\N
2729	Anna Boden	\N	\N
2345	Ford D'Aprix	\N	\N
1090	Ryan McKinney	1974	\N
1199	Adam Sherman	\N	\N
2167	Bill Lippincott	\N	\N
2540	Marion Kerr	1979	\N
680	Philipp Stennert	1975	\N
2528	Kirk Bowman	\N	\N
2397	Joaquín Cosio	1962	\N
139	Pete Vinal	\N	\N
1272	Michael Addison	\N	\N
2113	Shahid Kapoor	1981	\N
2415	Matthew Clayfield	1985	\N
2172	Darcy Fowers	\N	\N
295	Juan Minujín	1975	\N
2465	Benjamin Gourley	1978	\N
588	Antti Haikala	\N	\N
1306	Dustin Chase	1980	\N
1186	Travis Fimmel	1979	\N
369	Matt Ragan	\N	\N
1086	John Brotherton	\N	\N
2064	Ferdous Ahmed	1974	\N
896	Robin Christian	\N	\N
2037	Rob G. Kahn	1965	\N
2002	Olga Kurylenko	1979	\N
2796	Andrew Swant	1976	\N
87	Pablo Krögh	1963	2013
405	Joshua Sanchez	\N	\N
1940	Diora Baird	1983	\N
1150	Kory Bassett	\N	\N
1367	Sam Upton	1978	\N
810	Evan Peters	1987	\N
1508	Crystal Day	\N	\N
1767	Alice Eve	1982	\N
808	Lora Kojovic	\N	\N
543	Dan Stevens	1982	\N
2411	Ian Anthony Dale	1978	\N
592	Scott Slone	1980	\N
214	Geoff Ward	\N	\N
2833	Mireia Aixalà	\N	\N
935	Cyrill Boss	1974	\N
2746	Sami Darr	1978	\N
271	Selena Gomez	1992	\N
2679	Consuelo Castillo	\N	\N
1625	Shantel VanSanten	1985	\N
852	Maria Dinulescu	1981	\N
1052	Jess Weixler	1981	\N
2778	Steffany Huckaby	\N	\N
2688	Joey King	1999	\N
2663	Jaume Collet-Serra	1974	\N
1383	Evangeline Lilly	1979	\N
1468	Anthony Moscato	\N	\N
107	Laura Casabe	\N	\N
1156	Nicolás Condito	1991	\N
1422	Donald Lawrence Flaherty	\N	\N
2610	Jennifer Lafleur	1979	\N
370	James Hamrick	\N	\N
319	Paul Andrew Williams	1973	\N
2467	Parisse Boothe	1983	\N
1447	Mika Taanila	1965	\N
627	Jeremy Osbern	\N	\N
2514	Marcelo Alonso	1969	\N
919	Delnaaz Irani	\N	\N
325	Sean Gray	1976	\N
1512	Joe O'Byrne	\N	\N
966	Matt Dickinson	\N	\N
508	Marko Mäkilaakso	1978	\N
1951	Sean Martin	1966	\N
2011	Sergey Shnurov	1973	\N
153	Henry Dittman	1971	\N
2542	Adam Lamb	\N	\N
2020	Steve Varden	\N	\N
32	Sarah Beauvoisin	\N	\N
394	Rosalind Blessed	\N	\N
341	Jon Foo	1982	\N
2785	Evald Johnson	\N	\N
2057	Anna Bård	1980	\N
1288	Alejandro Parrilla	\N	\N
2418	Nahuel Pérez Biscayart	1986	\N
92	William Shimell	1952	\N
291	Ryan Homchick	\N	\N
1813	Miguel Coyula	1977	\N
199	Channing Tatum	1980	\N
1714	Elena Goode	\N	\N
1935	Dusty Sorg	1979	\N
403	Gil Kenan	1976	\N
2690	A.D. Liano	\N	\N
2258	María Valverde	1987	\N
2680	Zoë Tapper	1981	\N
1784	Grits Carter	\N	\N
124	Donny Boaz	\N	\N
2624	Sebastian Panneck	\N	\N
1039	Adam Napier	\N	\N
559	Gary Cairns	1980	\N
2578	Kali Majors	1999	\N
500	Reymonde Amsallem	1978	\N
891	Károly Hajduk	1979	\N
1437	Andrew Douglas	\N	\N
86	Suzanne Karseras	1970	\N
840	Robert Pattinson	1986	\N
2336	April Scott	1979	\N
2580	Warren Kole	1977	\N
2704	Travis Michael Holder	1946	\N
1786	Saye Yabandeh	\N	\N
1985	Luis Fernandez-Gil	\N	\N
1885	Keir Gilchrist	1992	\N
2471	Brandon Ratcliff	1998	\N
246	Roberto Carminati	\N	\N
1195	Duncan Jones	1971	\N
2764	Allen Enlow	\N	\N
2269	Jerome Elston Scott	\N	\N
37	Chris Pine	1980	\N
542	Carolina Gómez	1974	\N
2646	Adam Nee	1981	\N
1132	Eddie Redmayne	1982	\N
1126	Saoirse Ronan	1994	\N
2362	Yuliet Cruz	\N	\N
1453	Holly Weston	\N	\N
1481	Kyle Bornheimer	1975	\N
59	Nashawn Kearse	1972	\N
1969	Natasha Charles Parker	\N	\N
1687	Emayatzy Corinealdi	1980	\N
765	Jason Konopisos-Alvarez	\N	\N
2116	Samantha Raddock	\N	\N
2754	Amy Seimetz	1981	\N
2291	Ivan Stebunov	1981	\N
1599	DaJuan Johnson	\N	\N
1736	Jerry Yan	1977	\N
433	Cam Gigandet	1982	\N
2809	Jake Maskall	1971	\N
1265	Diego Boneta	1990	\N
933	Kyle Patrick Alvarez	1983	\N
251	Richard Ayoade	1977	\N
1936	Morgan Jon Fox	1979	\N
1630	Roman Gonther	\N	\N
1534	Raj Vasudeva	\N	\N
1562	Dennis Widmyer	\N	\N
2357	Kenny Wormald	1984	\N
2318	Sita Acevedo	\N	\N
2892	Kellan Lutz	1985	\N
2642	Waleed Moursi	\N	\N
2080	Leo Vargas	1974	\N
1589	Jackson Ning	\N	\N
2720	Jonathon Trent	1984	\N
2091	Kevin Kölsch	\N	\N
526	Katie Cassidy	1986	\N
1635	Angeline Renee Cook	\N	\N
2160	Alejandro Alcondez	1970	\N
368	Jessica Chastain	1977	\N
446	Chadwick Boseman	1977	\N
2321	Mem Ferda	1963	\N
2305	Hrachya Harutyunyan	1961	\N
2507	Alison Raimondi	\N	\N
355	Samuel Vauramo	1981	\N
1014	Raymond Mearns	\N	\N
324	T. Lee Beideck	\N	\N
2371	Alonso Mayo	1978	\N
380	Regina Nemni	\N	\N
185	Steve Zissis	1975	\N
1594	Kasper Syhler	\N	\N
2050	Samrat Chakrabarti	1975	\N
1997	Jason Brunner	\N	\N
1821	Ky Evans	\N	\N
257	Rachael Taylor	1984	\N
96	Nobuya Shimamoto	\N	\N
1522	Renaud Cestre	\N	\N
619	Natalie James	\N	\N
2090	Peter Himmelstein	\N	\N
2854	Peter Stickles	1976	\N
277	Rebecca Friese	\N	\N
994	Tom Anton	\N	\N
806	Axelle Azoulay	1995	\N
2307	David Safarian	\N	\N
1638	Vladimir Epifantsev	1971	\N
2466	Catherine C. Pirotta	\N	\N
1510	Marta Lubos	\N	\N
845	Pierre Moure	1983	\N
286	Olivia Munn	1980	\N
521	Ben Barnes	1981	\N
458	Daniel Weyman	1977	\N
1144	Phyllida Lloyd	1957	\N
2014	Madeline Carroll	1996	\N
17	Chloë Grace Moretz	1997	\N
1657	Gio Perez	\N	\N
197	Fred Alan Wolf	\N	\N
2516	Shashi Balooja	\N	\N
34	Jim Field Smith	1979	\N
213	Daniel Roby	1970	\N
2832	Sarah Mutch	1984	\N
311	Alex Pettyfer	1990	\N
1707	Sarah Tareen	1984	\N
168	Affion Crockett	\N	\N
1382	Michael Verdi	1980	2010
2493	Mark McQueen	1980	\N
1632	Gina Akers	\N	\N
1733	Andy Martinez Jr.	1977	\N
1170	Prabhas	1979	\N
339	Sebastian Stan	1982	\N
695	Lauren Cohan	1982	\N
2254	Carey Mulligan	1985	\N
2710	Sharlto Copley	1973	\N
1918	Kierston Wareing	1976	\N
488	Stuart Brennan	1982	\N
1570	John Boyd	1981	\N
877	Georgie Henley	1995	\N
226	Antonin d'Asseev	\N	\N
414	Assiatou Lea	\N	\N
676	Andy Samberg	1978	\N
2761	Rosemarie DeWitt	1971	\N
438	Najarra Townsend	1989	\N
2423	Rishi Opel	\N	\N
841	Aaron Yoo	1979	\N
2876	Beau Garrett	1982	\N
1287	Rodrigo Patino	\N	\N
1500	Gô Ayano	\N	\N
1691	Thomas D. Thompson	\N	\N
1317	Ramón Martinez	1979	\N
773	Michael Gleissner	1969	\N
1117	Il Lim	\N	\N
1988	Jonah Hill	1983	\N
1310	David J. Phillips	\N	\N
1395	Hayati Akbas	1977	\N
1418	Matías Desiderio	\N	\N
1916	Emory Cohen	1990	\N
1586	Anita Briem	1982	\N
704	Penny Vital	1977	\N
1235	Dale Calandra	\N	\N
763	Jackson Rathbone	1984	\N
514	Karl Theobald	1969	\N
1776	Cory Monteith	1982	2013
995	Amber Heard	1986	\N
2143	Thomas Farone	\N	\N
2517	Joe Anderson	1982	\N
75	Ty Jones	\N	\N
2461	Jay Chou	1979	\N
15	Domhnall Gleeson	1983	\N
2812	Malgorzata Bela	1977	\N
2375	Mark Jeavons	\N	\N
203	Ciara	1985	\N
2621	Nelsan Ellis	1977	2017
1734	Chester Jones III	\N	\N
2440	Aram Rappaport	\N	\N
641	Laís Bodanzky	1969	\N
1961	Maaike Neuville	1983	\N
1939	Kawo Reland	\N	\N
1645	Will Denton	\N	\N
2381	Paula Patton	1975	\N
342	Katherine Taub	\N	\N
2781	Roxanne Gregory	\N	\N
2839	Winifred Bryan	\N	\N
2702	Matt Eskandari	\N	\N
1685	Chris Grabher	1980	\N
1621	Pete Soltesz	\N	\N
2361	Sammi Hanratty	1995	\N
2013	Zak Forsman	1974	\N
2179	Kader Kashmiri	\N	\N
1660	Ryan Craig	1974	\N
1728	Darla Delgado	1969	\N
415	Kevin K. Shah	\N	\N
466	Maggie Blazunas	1982	\N
596	Miguel Ángel Silvestre	1982	\N
2245	Steve Little	\N	\N
2711	Roxy Toporowych	\N	\N
817	Imogen Poots	1989	\N
136	Moran Atias	1981	\N
1833	Ian Stark	\N	\N
1006	Jon Daly	\N	\N
55	Renee Dorian	\N	\N
108	Jeff Stevens	\N	\N
2552	Andrew W. Chan	\N	\N
1978	Scott Glosserman	1976	\N
606	Nicholas Massouh	\N	\N
2399	Marie-Line Grinda	\N	\N
1548	Tanit Phoenix Copley	1980	\N
1873	Michael J. Arbouet	1971	\N
123	William Olsson	1977	\N
389	Joaquin Perea	\N	\N
1721	Mark Tierney	1966	\N
121	Donovan Marsh	\N	\N
952	Shaun Rana	1978	\N
2888	Haim Silberstein	\N	\N
249	Steve Smith	\N	\N
483	Luke Evans	1979	\N
135	Zak Kilberg	\N	\N
1122	Jillian Kinsman	1974	\N
2505	Susana Hornos	\N	\N
1435	Sukanya Kongkawong	\N	\N
152	Kagan Goh	\N	\N
2546	Nic Hill	1981	\N
2825	Rafael Tombini	1972	\N
1827	Kim Helms	\N	\N
1952	Chris Metzler	\N	\N
178	John Wesley Norton	\N	\N
513	Mario Casas	1986	\N
565	Regina Kimbell	\N	\N
1214	Kathleen Benner	\N	\N
112	Wade Sullivan	\N	\N
2744	Rudy Luna	\N	\N
587	Valerie Jones	\N	\N
1363	Michael Booth	1976	\N
1168	Daniell Edwards	1980	\N
604	Jeremy King	1977	\N
664	Ali Suliman	1977	\N
2125	Cory Cataldo	\N	\N
1155	Dilshad Patel	\N	\N
2033	Clody Cates	\N	\N
1263	Frank Lin	\N	\N
2512	Roxanne McKee	1980	\N
801	Kriszta Dorogi	1981	\N
1116	Sahara Ware	1991	\N
114	Maria Olsen	\N	\N
2496	Paula Vesala	1981	\N
2777	Cynthia Calvert	\N	\N
2268	Paul Birtwistle	\N	\N
1494	Nick G. Miller	\N	\N
1278	Jason Bunch	\N	\N
1960	The Secrets	\N	\N
46	Dylan Booth	1984	\N
2649	Declan Reynolds	1980	\N
1970	Olivia Thirlby	1986	\N
2795	Christa Bella	1967	\N
477	Rocío Rodríguez Presedo	\N	\N
1574	Osmar Núñez	\N	\N
145	Rodrigo Lico Lorente	\N	\N
2730	Lidia Epstejn	\N	\N
411	Jesse Garcia	1982	\N
2912	Teenage Head	\N	\N
2810	Orlando Mastropaolo	\N	\N
133	Nick Nicotera	1981	\N
2195	Stella Maeve	1989	\N
80	Miles Teller	1987	\N
1715	Aaron Nee	\N	\N
1466	Logan Thomas	1973	\N
2731	Kevin Newton	\N	\N
242	Ebrahim Jaffer	\N	\N
1293	Nina Kate	\N	\N
2003	Jeff Zimbalist	1978	\N
1147	Bill Mendieta	\N	\N
2928	Aaron Laue	1969	\N
1444	Dylan Minnette	1996	\N
1112	John Magaro	\N	\N
2522	Brennan Bailey	1997	\N
1929	Marcus Patrick	1974	\N
479	Marcel Grant	\N	\N
1409	Mike Disa	\N	\N
2030	Eliza Swenson	1982	\N
1471	Jack O'Connell	1990	\N
899	Carlos M. Barros	\N	\N
186	Keston John	1984	\N
812	Mike Ahuja	\N	\N
1683	Max Charles	2003	\N
65	Tessa Thompson	1983	\N
1157	Greg Adamson	\N	\N
907	Rob Leetham	\N	\N
1593	Tito da Costa	\N	\N
2545	Gioia Marchese	\N	\N
366	Jackson Hurst	1979	\N
1676	Jacob Zachar	1986	\N
2108	T.I.	1980	\N
82	Andrew Garfield	1983	\N
1642	Bill Haley	\N	\N
2510	Brenden Gallagher	\N	\N
1451	Sean H.A. Gallagher	\N	\N
1331	Gerry Mogg	\N	\N
1864	James Austin	\N	\N
759	Stephanie Young	1973	\N
1379	Brian Deneen	\N	\N
2273	Simon Hansen	1972	\N
2576	Vicki de Mey	\N	\N
2712	James Oakley	\N	\N
505	Laura Jane Coles	\N	\N
1283	Teresa Palmer	1986	\N
2007	Marc Goldstein	\N	\N
531	Jodi Shilling	1979	\N
1797	Christine Spencer	\N	\N
1249	Madison Davenport	1996	\N
2315	Stanislav Ryadinskiy	1981	\N
867	Quinton 'Rampage' Jackson	1978	\N
1061	Francesca Cecil	1982	\N
2494	Thomas Bennett	\N	\N
2019	Rafi Gavron	1989	\N
2525	Pablo Aldrete	\N	\N
328	Rhys Wakefield	1988	\N
721	Adam Pitman	\N	\N
1130	Heidi Johanningmeier	1982	\N
318	Aaron Walker	\N	\N
2288	Nick Krause	1992	\N
1854	Julissa Bermudez	1983	\N
1113	David Ren	\N	\N
1757	Nathan Greno	1975	\N
2683	Tony R. Warren	1970	\N
1693	Dennis Baesa	\N	\N
1505	Mia Wasikowska	1989	\N
2403	Kim Jiang	\N	\N
1239	John Bobek	1982	\N
1655	Josh Townsend	\N	\N
920	Marc Webb	1974	\N
1081	Paul Hardiman	\N	\N
2226	Bruce Allen Dawson	1957	\N
997	Timo Vuorensola	1979	\N
649	Joseph Castanon	1997	\N
1064	Brian Drolet	1980	\N
2369	Edward Douglas	\N	\N
2733	Judy Courtland	\N	\N
1537	Dave Franco	1985	\N
2925	Rebecca Heck	\N	\N
2666	Wendy Charles	\N	\N
1504	Melody Bates	\N	\N
2189	Jay Rowlands	\N	\N
571	Diego Vázquez	\N	\N
1696	Chris Barnes	\N	\N
419	Shane Patrick Kearns	\N	\N
2593	Jason Ressler	\N	\N
2526	Alan Luxmore	\N	\N
2017	Christina Diaz	\N	\N
2541	Caryn Waechter	\N	\N
499	Matthew Thompson	\N	\N
2771	Ekaterina Grokhovskaya	1971	\N
1868	Sarah Louise Wilson	\N	\N
195	Hayley Atwell	1982	\N
2927	Taylor Kitsch	1981	\N
1820	Merry Grissom	\N	\N
2027	Susanna McMillan	\N	\N
93	Daniella Kertesz	1989	\N
1617	Dakota Goyo	1999	\N
2905	Pilar Morales	\N	\N
154	Sky Christopherson	\N	\N
2675	Martie Ashworth	\N	\N
1850	Jean-Pierre Sèvegrand	\N	\N
167	Joana Vargas	\N	\N
1003	Ry Barrett	\N	\N
2783	Gabriel Carrer	\N	\N
2096	Cindy Marie Martin	1978	\N
435	Lonnie Martin	1975	\N
2734	Barbara Cole	\N	\N
675	Chad Archibald	1981	\N
2224	Tamara Christopherson	\N	\N
29	Sara Da Pin Up	1981	\N
2068	Sergi Soler	\N	\N
1338	Pankaj Prakash	\N	\N
378	Alexandre Courtès	\N	\N
1450	Neil Jones	1980	\N
2878	John Geoffrion	1971	\N
2691	Irandhir Santos	1978	\N
665	Todd Aaron Brotze	\N	\N
1429	Adam Hughes	1980	\N
734	Ricky Garcia	\N	\N
2900	Simone Cross	\N	\N
901	Bobby Ciraldo	1974	\N
687	Julian T. Pinder	\N	\N
314	Shane Manie	\N	\N
2404	John Lambertson	\N	\N
818	Shiloh Fernandez	1985	\N
90	Keith Blaser	\N	\N
2062	Jon Prescott	1981	\N
2521	Jin Akanishi	1984	\N
2759	Bar Refaeli	1985	\N
2084	Fernanda Dorogi	1981	\N
658	Holofernes Noria	\N	\N
1805	Luis Jose Lopez	\N	\N
2104	Robin L. Watkins	\N	\N
161	Dario Deak	\N	\N
593	Wesley Wittkamper	\N	\N
1034	Patricia André	1979	\N
1739	Fiona Cheung	1978	\N
2243	Sue Fletcher	\N	\N
6	Constance Wu	1982	\N
1519	Cheyenne Jackson	1975	\N
714	Adam Meir	1978	\N
1440	Cyrcee Perreault	\N	\N
490	Ty Paige	1989	\N
317	Cori Bright	\N	\N
416	Carey Lundin	\N	\N
2805	Ryan Paige	1971	\N
336	Marshall Sylver	\N	\N
1462	Paulo Nery	1963	\N
2061	Cal Brunker	\N	\N
1133	Joni Barth	\N	\N
2366	E.J. Bonilla	\N	\N
605	Lina Esco	1985	\N
1806	Kelly L. King	1983	\N
1000	Arnita Epps- Wood	\N	\N
1425	Andy Pandini	1968	\N
925	José Farinha	\N	\N
880	Riley Keough	1989	\N
2282	Linnda Durre	\N	\N
2936	Kangana Ranaut	1987	\N
2193	Dava Casoni	\N	\N
2063	Asrani	1941	\N
893	Sergey Krapiva	1977	\N
348	András Vágvölgyi B.	\N	\N
2558	Mark Boyd	\N	\N
868	John Charles Hunt	\N	\N
1171	Tim Goewey	\N	\N
2	Jeanene Fox	1978	\N
410	Jason Lopez	\N	\N
2557	Emmett Loverde	\N	\N
322	Matthew Webber	\N	\N
1495	Mark Brunetti	\N	\N
2847	Michelle Glick	\N	\N
1194	Joey Cummings	\N	\N
2206	Alex Kaluzhsky	1984	\N
743	Vica Kerekes	1981	\N
790	Ralph Cahill	1975	\N
2654	David Blair	\N	\N
332	Timothy Andrew Ramos	\N	\N
1652	Aaron Davis	\N	\N
288	Héctor Díaz Peña	\N	\N
2049	Haifaa Al-Mansour	1974	\N
1281	Jennifer Lawrence	1990	\N
1255	Kelley Slagle	1971	\N
2926	Gustavo Charif	1966	\N
813	Kengo Kôra	1987	\N
930	Nicole Mosleh	\N	\N
816	Carlos Enrique Almirante	\N	\N
1507	Matthew Kevin Anderson	\N	\N
2904	David Wolf	\N	\N
54	Johnny Orlando	\N	\N
965	Danay Garcia	1984	\N
753	Sam Burbank	\N	\N
831	Sudhir S. Dayma	\N	\N
719	Isabelle Fuhrman	1997	\N
63	Toby Regbo	1991	\N
1914	Martín Yernazian	1982	\N
2950	Jason Cope	\N	\N
1104	Dean Bajramovic	\N	\N
119	Drew Richards	1975	\N
2401	Cara Mantella	\N	\N
2752	Tony Bassi	\N	\N
685	Taylor Schilling	1984	\N
412	Anthony Felton	\N	\N
330	Glenio Bonder	\N	2011
702	Venod Mitra	\N	\N
1723	Gareth Edwards	1975	\N
1758	Albert J. Allie	1970	\N
2562	Miao Wang	1977	\N
1943	Tara Cardinal	1978	\N
1242	Ash Mahmood	\N	\N
2413	Joe Baile	\N	\N
656	Howie Askins	\N	\N
511	Vanessa Zachos	\N	\N
672	Naeem Mahmood	\N	\N
1047	Bebe Pham	\N	\N
2824	Natalie Morales	\N	\N
408	Tim Disbrow	1987	\N
2640	Gregory Christian	\N	\N
2272	Jerry Allen Davis	\N	\N
2588	Christopher Noice	\N	\N
823	Alexa Brown	\N	\N
2290	Plan B	1983	\N
387	David Guilmette	\N	\N
2428	John Doles	\N	\N
679	Maggie Hai-Uyen	1982	\N
1445	Leon Cowan	\N	\N
984	Melissa Lugo	\N	\N
2199	Larysa Kondracki	\N	\N
2592	Jeff Bredt	1963	\N
2523	Danny Vasquez	\N	\N
556	Amy Colton	\N	\N
2489	Kire Paputts	\N	\N
956	Gabrielle Amies	1977	\N
1007	Gladys Florence	1913	\N
1921	Chris Jun	\N	\N
2441	Carrie Paff	1971	\N
2740	Fred Butler	\N	\N
832	Bejoy Nambiar	1979	\N
2012	Meredith Grau	\N	\N
2176	Amelia Jackson-Gray	\N	\N
713	Dev Patel	1990	\N
122	Galina Dolmatovskaia	1939	\N
2724	Fabienne Le Bihan	\N	\N
1097	Lev Anderson	\N	\N
2676	Taylor Swift	1989	\N
71	Levi Wilson	\N	\N
1815	Michael Frascino	\N	\N
2788	Ariana Almajan	\N	\N
1976	Joseph Kennedy	1981	\N
667	Stephanie Sigman	1987	\N
2066	Mercedes LeAnza	\N	\N
2419	R.E. Asbury	\N	\N
1105	Chris Oleary	\N	\N
886	Marcelo Adnet	1981	\N
1027	Ryan Ross	\N	\N
1173	Nathaniel Peterson	\N	\N
1233	Elizabeth Thompson	1985	\N
504	David Beaulieu	\N	\N
2436	Mary Lou Blanchard	\N	\N
496	Mike Ancrile	\N	\N
969	Katie Skipper	\N	\N
1808	Luona Wang	\N	\N
1659	Canton Belanger	\N	\N
1957	Martin Müller	\N	\N
1058	Mark Bernstein	\N	\N
2292	Jay Martin	\N	\N
850	Francisco Pizarro Saenz de Urtury	1978	\N
1844	Sascha Hartmann	\N	\N
1949	Sasha-Alexandre Torres	\N	\N
1875	Cheetah Chrome	\N	\N
2088	Silvia Antolová	\N	\N
2924	David Bomar	\N	\N
148	Martica De Cardenas	\N	\N
934	Matthew O. Sloan	\N	\N
707	Andrew Shortell	\N	\N
1125	Bruce Childs	\N	\N
848	Andy Hnilo	1981	\N
245	Elizabeth Di Prinzio	1984	\N
2665	Angel Monroe	\N	\N
2749	Elyana	\N	\N
427	Tom Froysland	\N	\N
533	Hazel Croney	\N	\N
800	Aditi Rao Hydari	1986	\N
2142	Barbara Kaudelka	\N	\N
547	Christopher Mintz-Plasse	1989	\N
1433	Brooks Branch	\N	\N
156	Louise Bird	\N	\N
1032	Barry Browne	\N	\N
1982	Will Poulter	1993	\N
1165	Alden Ehrenreich	1989	\N
2390	Daniel Angelus	\N	\N
610	Bryan Fogel	\N	\N
392	Mark Charles	\N	\N
503	LazRael Lison	\N	\N
851	Gary Shore	1981	\N
2197	Robert Stock	\N	\N
1416	Eric Manchester	\N	\N
1566	Michael Teh	1969	\N
497	Vani Beaton	\N	\N
434	Megan Carter	\N	\N
1712	Brenda Harvey	\N	\N
2124	Mihaela Sinca	\N	\N
939	Gary Douglas	\N	\N
1455	Anthony Firth	1984	\N
2249	John W. Kim	\N	\N
1550	Kevin Snow	1985	\N
2889	Lila Green	1984	\N
758	Nicola Peltz	1995	\N
1799	Janelle Velasquez	\N	\N
1101	Luke Kasdan	\N	\N
358	Alexandra Burn	\N	\N
2826	Antoine Blossier	\N	\N
1613	Kii Kitano	1991	\N
1558	Josh Heine	\N	\N
374	Alex Yves	\N	\N
1998	Edward McHenry	1983	\N
2739	Mark Hazen Kelly	\N	\N
1876	Rory McHenry	\N	\N
2643	Emily Marie Grant	\N	\N
727	Dulari Chakraborty	\N	\N
2275	Kaitlin Cox	\N	\N
2821	Michael Buffo	\N	\N
1080	David F. Sandberg	\N	\N
2696	Alasha Wright	\N	\N
2554	Jon Ray	\N	\N
1795	Stephen Weigand	\N	\N
882	Tommy Bechtold	1983	\N
2914	Tegan Ashton Cohan	\N	\N
1136	Rachel Lloyd	\N	\N
2294	Andrea Forcina	\N	\N
2015	Brian Canham	1962	\N
1053	Alicia Vikander	1988	\N
1710	Harvey Stein	\N	\N
2769	Trevor Williams	\N	\N
1992	James Rasin	\N	\N
1888	John D. Robinson	1977	\N
323	Giovanni Falcchetti	\N	\N
1071	Miranda Rayson	\N	\N
187	Mousumi	1973	\N
1608	Mark Norris	1960	\N
2844	Danilo Mancinelli	\N	\N
2365	Marc Levitz	\N	\N
1639	T.J. Miller	1981	\N
2849	James Boss	\N	\N
527	Eiza González	1990	\N
372	Manuela Krumm	1982	\N
874	Aurelie Kyinn	\N	\N
25	Adelaide Clemens	1989	\N
785	Shannon Lower	\N	\N
970	Dana Amromin	\N	\N
99	Will Strange	\N	\N
240	Leland Steigs	\N	\N
2585	Chris Benton	1981	\N
1153	Tye Banks	\N	\N
33	James Oliver Wheatley	\N	\N
2911	David Mackey	\N	\N
40	Jay Hewlett	\N	\N
616	Jillian Sims	\N	\N
2469	Sanjay Sharma	\N	\N
699	Toshi Hoo	\N	\N
1783	Jenny Coyan	\N	\N
723	Julianne Hough	1988	\N
2856	Jimmy Ayala	\N	\N
607	Junior Powell	\N	\N
2424	Shalene Portman	1969	\N
406	Jorge Suquet	1980	\N
563	Hemant Madhukar	\N	\N
489	Brittany Joyner	1983	\N
2270	Scott Hayman	1982	\N
591	Gemma Arterton	1986	\N
1044	Scott Buchanan	\N	\N
1878	Alex Neustaedter	\N	\N
539	Claudia Wit	\N	\N
1611	Mandy Bannon	\N	\N
1262	Olga Khokhlova	\N	\N
2747	Jelly Howie	1987	\N
1802	Ryan Lee	1996	\N
1318	Nayeli Adorador-Knudsen	\N	\N
954	Sharmili Ahmed	\N	\N
2314	Ray Eddy	\N	\N
2742	Jennifer Wenger	\N	\N
1852	Rich Bianco	\N	\N
2894	Robert W. Boelio	\N	\N
703	Sharon Carpenter-Rose	1962	\N
2389	Lee Cheney	1984	\N
2863	Asa Butterfield	1997	\N
642	Daniel Fanaberia	1980	\N
795	Ida Elise Broch	\N	\N
2190	Kirk Ledger	\N	\N
468	Paz Pardo	\N	\N
706	Karin Kelts	\N	\N
2094	Raymond Dussault	\N	\N
97	Heidi Caldwell	\N	\N
1755	Tarun Verma	\N	\N
671	Tom Hart	\N	\N
2105	Jeff Warrick	\N	\N
918	Laura Donoughue	\N	\N
128	Simon Sorrells	\N	\N
2490	John Douglas Ayers	\N	\N
2457	Grant Gustin	1990	\N
1292	Matthew Lawrence	\N	\N
2948	Kenneth G. Hodgson	\N	\N
2287	Chris Leach	\N	\N
1915	Brian Razzino	\N	\N
1025	Laure Calamy	1975	\N
2069	Nicole Warner	\N	\N
648	Lucas Cotrim	\N	\N
1349	Amit Gupta	\N	\N
756	Claude Brickell	\N	\N
2255	Denise Glass	\N	\N
1359	John Dobson	\N	\N
1057	Rafaela Victor	\N	\N
940	Narayan Bhargava	\N	\N
2276	Ben Altman	\N	\N
1872	Shweta Mahajan	\N	\N
750	Vlad Peters	\N	\N
1618	Raheel Ramzanali	\N	\N
1950	Sheila Gupta	\N	\N
2023	Aishwarya Raju	\N	\N
1663	Jordan Lawson	1988	\N
2786	Oscar Antonino	\N	\N
545	Avanti Latthe	\N	\N
2348	Jerry Alden Deal	\N	\N
2198	Henry Garrett	\N	\N
2340	Gillian Buick	\N	\N
1366	Chelese Belmont	\N	\N
1486	Shane Thueson	\N	\N
1423	Tommie St. Cyr	\N	\N
550	Lawrence Brown	\N	\N
2693	Erik Morales	1976	\N
1518	Ellen Dorrit Petersen	1975	\N
1330	Nicole Beharie	\N	\N
131	Doug Dressler	\N	\N
2572	Kent Jones	\N	\N
1415	Orville Matherson	\N	\N
169	Lauren Susan	\N	\N
2252	Jodi Shaw	\N	\N
2655	Caroline London	\N	\N
486	Robert Fente	\N	\N
1430	Chris Armstrong	\N	\N
2479	Tatiana Armstrong	\N	\N
1253	Michael Mandell	\N	\N
715	Armani	\N	\N
1067	Eric Green	\N	\N
944	Tim Dunn	\N	\N
2259	Michael O'Quinn	\N	\N
2045	Gail Bruno	1975	\N
2631	Errol Sperling	\N	\N
1777	Kirstine Brandt	\N	\N
1944	Dan Albracht	\N	\N
1623	Megan Maczko	1980	\N
1352	Tim Key	1976	\N
822	Tom Mason	\N	\N
2247	Zoe Axelrod	\N	\N
243	Ricardo Seffner	1991	\N
1203	Callan McAuliffe	\N	\N
1557	Amanda Lerias	\N	\N
589	Sngmoo Lee	\N	\N
821	Andrew Alexander	\N	\N
110	Nancy Alvarez-Pellegrini	\N	\N
298	Frank Gladstone	1950	\N
992	Dean Allum	\N	\N
2603	Ahmaya-Knoelle	\N	\N
921	Itay Bouzaglo	\N	\N
1731	Eduardo Paxeco	1982	\N
1912	Kaveri Jha	\N	\N
774	Natasha Calis	1999	\N
1397	Raw Leiba	\N	\N
234	David Oakes	1983	\N
2635	Dane DeHaan	1986	\N
892	Susanne Abelein	\N	\N
629	Dominic Cammarota	\N	\N
791	Doug Kwartler	\N	\N
160	Shaheed Shabazz	\N	\N
2183	Vanessa Chong	\N	\N
2667	Cheryl Kaleda	\N	\N
2141	Helena Novackova	1998	\N
1219	Jeanne Bournaud	\N	\N
2295	Teresa Arnold-Simmons	\N	\N
100	Sabina Akhmedova	1981	\N
2625	Hunter Knight	\N	\N
739	Dana DeVestern	\N	\N
647	Troye Sivan	1995	\N
1465	Boyd Holbrook	1981	\N
1530	Gal Gadot	1985	\N
574	Edward Robert Bach	\N	\N
2129	Naomi Frenette	\N	\N
2153	Claire Foy	1984	\N
2678	Jonah Baker	\N	\N
2241	Katy Perry	1984	\N
306	Everett Titus	\N	\N
1443	Erin M. Gawera	\N	\N
1609	Jay Hoppe	\N	\N
955	Danny Dumbrowski	\N	\N
1189	Ning Li	1974	2017
1843	Lloyd DeLeon	\N	\N
2146	Jim Conway	\N	\N
2896	Mimoh Chakraborty	1984	\N
2215	Ezra Miller	1992	\N
1753	Gerard Mogg	\N	\N
2106	Brent Harvey	\N	\N
45	Vicky Krieps	1983	\N
1160	Garrett Kelly	\N	\N
1487	Shweta Bhardwaj	\N	\N
2827	Margot Robbie	1990	\N
2235	Saxon Sharbino	1999	\N
126	Eduardo Sterblitch	\N	\N
2417	Tihirah Taliaferro	\N	\N
1818	Eugene Cordero	\N	\N
1747	Lori Singleton	\N	\N
692	Arthur J. Mangano	\N	\N
833	Michael Zimbalist	1980	\N
2787	Ben Schnetzer	\N	\N
2248	Aaron Tveit	1983	\N
1541	Tanya Braunovic	\N	\N
2811	Éva Gábor	\N	\N
1282	Chris Vent	\N	\N
2208	Dániel Mogács	1977	\N
912	Jakub Gottwald	1984	\N
2566	Noah Ringer	1997	\N
2895	Andrew Ferguson	\N	\N
2260	Kit Harington	1986	\N
1372	Kate Easton	\N	\N
1496	Gabriel Marin	\N	\N
1212	Mackenzie Foy	2000	\N
659	Celinez Bosque	\N	\N
516	Keyla McNeely	\N	\N
1	Lawrence Kopelman	\N	\N
2200	Jena James	\N	\N
1024	Elias Goday	\N	\N
988	Art Parkinson	2001	\N
1591	Jacqueline Biels	\N	\N
517	Patrick Bates	\N	\N
2202	Mason Cook	2000	\N
2903	Antoni Porowski	\N	\N
1972	Isaac Combs	\N	\N
2152	Michael Carradine	\N	\N
1083	Sara Lazzaro	1984	\N
2488	Alana Strauss	\N	\N
1046	Sarah-Anne Fawcett	\N	\N
1334	Mia Serafino	1989	\N
2065	Bridgett Hawke	\N	\N
2687	Annet Mahendru	1989	\N
2085	Eugenia Comini	\N	\N
837	Patrick Johnson	\N	\N
1386	Freddy Sullivan	\N	\N
1078	Aura Garrido	1989	\N
184	Luke Bracey	\N	\N
2147	Adam Driver	1983	\N
1819	Emma Fitzpatrick	1985	\N
2586	Sarah Snook	1987	\N
1701	Jeremy Irvine	1990	\N
2388	Sadiq Afif	\N	\N
2893	Nick Robinson	1995	\N
409	Jamara Griffin	\N	\N
2079	Isabella Blake-Thomas	\N	\N
957	Mary Seki	\N	\N
2865	Ray Fisher	\N	\N
2173	Brittania Nicol	\N	\N
1019	Abbi Lake O'Neill	\N	\N
2684	Konstantine Antoniou	1974	\N
1947	Austin Abrams	1996	\N
1342	Yu Debin	1964	\N
870	Alfred Munyua	\N	\N
302	Alexis Clagett	\N	\N
1661	Chris Miller	1968	\N
1248	Deshava Apachee	\N	\N
2686	Luke Vanek	\N	\N
1142	Julie Vorus	\N	\N
363	Scott Deckert	\N	\N
580	Aja Naomi King	1985	\N
10	Alaina Fleming	\N	\N
2425	Raghuvir Joshi	\N	\N
2137	Kim Garrett	\N	\N
1900	Amara Miller	2000	\N
523	Odeya Rush	1997	\N
442	Jennifer Jelsema	\N	\N
2042	Fiuk	1990	\N
1413	Francisco Miguez	\N	\N
1848	Jennifer De Lucia	\N	\N
548	Sunil Prem Vyas	\N	\N
1986	Sven Ruygrok	\N	\N
2055	Eilidh Rankin	\N	\N
885	Juliana Harkavy	\N	\N
2682	Jonathan Daniel Brown	\N	\N
2767	Angela Jeanneau	\N	\N
1768	Rosa Salazar	1985	\N
793	Emma Thomas	\N	\N
2171	David Morse	\N	\N
807	Michelle Rodriquez	\N	\N
381	Burt Klein	\N	\N
1131	Jason Long	\N	\N
1074	Kim McQuire	\N	\N
351	Duncan MacNeil	\N	\N
694	Victor Froiman	1997	\N
1467	Christie Prades	\N	\N
1004	Jorgea Hernando	\N	\N
2722	Joe Black	\N	\N
1420	Jack Lowden	1990	\N
1400	Rae Olivier	\N	\N
2779	Suraj Sharma	1993	\N
990	Clark Sarullo	1982	\N
2261	Kennedi Clements	\N	\N
1829	Michael Vincent Carrera	\N	\N
1213	Brenton Thwaites	1989	\N
2036	Sonya Davison	\N	\N
1095	Kiersey Clemons	1993	\N
1564	Jamie Royal	\N	\N
238	Thomas Horn	\N	\N
573	Megan Reno	\N	\N
2577	Callum Turner	\N	\N
2054	Anna-Nora Bernstein	\N	\N
173	Luke Gregory Crosby	1995	\N
948	Sonoya Mizuno	1986	\N
1906	Matilda Anna Ingrid Lutz	\N	\N
2791	Kara Hayward	1998	\N
1498	Tye Sheridan	1996	\N
1210	Hunter McCracken	\N	\N
229	Jukka Nylund	\N	\N
2174	Gonzalo Lebrija	\N	\N
1394	Sophie Nélisse	2000	\N
2109	Olivia DeJonge	1998	\N
2370	Carlota Benet	\N	\N
2009	Elodie Tougne	\N	\N
876	Gaia Weiss	1991	\N
2658	Lulu Jarmen	\N	\N
961	Jid	\N	\N
1511	Lek	\N	\N
171	Walee Niyom	\N	\N
1351	Stam Sor Con Lek	\N	\N
532	Pet Chor Chanachai	\N	\N
2075	Shadi Chauke	1979	\N
1540	Josh O'Connor	\N	\N
2180	Rory J. Saper	\N	\N
118	William j Barry	\N	\N
860	Munmun Ahmed	\N	\N
2437	Robert Kirk	\N	\N
1066	Shaun Kirk	\N	\N
264	Zoe Weber	\N	\N
304	Svetlana Ivanova	1985	\N
2775	Pavel Hekela	1954	\N
1280	Putu Dinda Pratika	\N	\N
2475	Ni Made Megahadi Pratiwi	\N	\N
554	Balinese Tari Legong Dancers	\N	\N
2929	Puti Sri Candra Dewi	\N	\N
663	Clarence Phillpot	\N	\N
1964	Nicholas Hamilton	2000	\N
551	Valentina Hartmann	1997	\N
2427	Vincent Vartanov	\N	\N
2803	Walter Peppelman	\N	\N
624	Adam Greaves-Neal	\N	\N
2349	Jack Dylan Grazer	\N	\N
1408	Peter Mark Kendall	\N	\N
1256	Winslow M. Iwaki	\N	\N
2916	Elijah Smith	\N	\N
1246	Alana Gray	\N	\N
2182	Mc Jones	\N	\N
191	Finn Scicluna-O'Prey	\N	\N
219	Lyliana Wray	\N	\N
2237	Christian Stevens	\N	\N
1967	Allie Marie Evans	\N	\N
2755	Noah Jupe	2005	\N
857	Louis Ross	\N	\N
379	Donna Henry	\N	\N
1958	Nitram Nosirrag	\N	\N
